run_id,phase,task,morphology,controller,training_seed,config_path,resolved_config_digest,output_dir,status,completed_generations,best_fitness,started_from_checkpoint
walker__biped__static__seed_000,final,Walker-v0,biped,static,0,/home/rowanli.tangalin/tpr/tpr/results/hpc_rq1/nominal/walker/biped/static/seed_000/config.yaml,fa37097d088b39394ee1f29e39176aeb3baebd9da81506bd3eb9274ed07082c1,/home/rowanli.tangalin/tpr/tpr/results/hpc_rq1/nominal/walker/biped/static/seed_000,complete,500,5.497265886484786,False
walker__biped__static__seed_001,final,Walker-v0,biped,static,1,/home/rowanli.tangalin/tpr/tpr/results/hpc_rq1/nominal/walker/biped/static/seed_001/config.yaml,e6f4f280f48cfda40218c2bbb25f53daa0a089f5a957e8792c620ed131a1fa47,/home/rowanli.tangalin/tpr/tpr/results/hpc_rq1/nominal/walker/biped/static/seed_001,complete,500,3.8449812083160877,False
walker__biped__static__seed_002,final,Walker-v0,biped,static,2,/home/rowanli.tangalin/tpr/tpr/results/hpc_rq1/nominal/walker/biped/static/seed_002/config.yaml,05e39abb232867bbb7dc6d67dcf3fa3ccc496c3fb2a26b1b986eeffbb24c4718,/home/rowanli.tangalin/tpr/tpr/results/hpc_rq1/nominal/walker/biped/static/seed_002,complete,500,5.674129390250368,False
walker__biped__static__seed_003,final,Walker-v0,biped,static,3,/home/rowanli.tangalin/tpr/tpr/results/hpc_rq1/nominal/walker/biped/static/seed_003/config.yaml,1cc64e6f578e69e0f2714d4df09a0a651df1c8afbda46eaac634ef58727e59ba,/home/rowanli.tangalin/tpr/tpr/results/hpc_rq1/nominal/walker/biped/static/seed_003,complete,500,6.006766148832288,False
walker__biped__static__seed_004,final,Walker-v0,biped,static,4,/home/rowanli.tangalin/tpr/tpr/results/hpc_rq1/nominal/walker/biped/static/seed_004/config.yaml,0c1e1cf2dc9662886eba3576333f4188a276f848962c76184807fc458d5fb9b0,/home/rowanli.tangalin/tpr/tpr/results/hpc_rq1/nominal/walker/biped/static/seed_004,complete,500,4.834068287555798,False
walker__biped__static__seed_005,final,Walker-v0,biped,static,5,/home/rowanli.tangalin/tpr/tpr/results/hpc_rq1/nominal/walker/biped/static/seed_005/config.yaml,8279b4eba7818e04426e3bc1a6dd3d3cd597a6e7f14735a65637f6a14027aa9f,/home/rowanli.tangalin/tpr/tpr/results/hpc_rq1/nominal/walker/biped/static/seed_005,complete,500,3.6527835069598202,False
walker__biped__static__seed_006,final,Walker-v0,biped,static,6,/home/rowanli.tangalin/tpr/tpr/results/hpc_rq1/nominal/walker/biped/static/seed_006/config.yaml,7d94a6b4b787e10c882419953ce0f7a9f770c5ee4781d8537303f940ddaaab2e,/home/rowanli.tangalin/tpr/tpr/results/hpc_rq1/nominal/walker/biped/static/seed_006,complete,500,5.0986506670760585,False
walker__biped__static__seed_007,final,Walker-v0,biped,static,7,/home/rowanli.tangalin/tpr/tpr/results/hpc_rq1/nominal/walker/biped/static/seed_007/config.yaml,b4a18406e03efb77525a864b386eaef289630ebfc0fb3139f121366fc93f9c45,/home/rowanli.tangalin/tpr/tpr/results/hpc_rq1/nominal/walker/biped/static/seed_007,complete,500,4.510257188899287,False
walker__biped__static__seed_008,final,Walker-v0,biped,static,8,/home/rowanli.tangalin/tpr/tpr/results/hpc_rq1/nominal/walker/biped/static/seed_008/config.yaml,7c5affa978d404a72be406daa99278161358babb86a4ac4c1b62ec240f8a0e00,/home/rowanli.tangalin/tpr/tpr/results/hpc_rq1/nominal/walker/biped/static/seed_008,complete,500,5.571233874215261,False
walker__biped__static__seed_009,final,Walker-v0,biped,static,9,/home/rowanli.tangalin/tpr/tpr/results/hpc_rq1/nominal/walker/biped/static/seed_009/config.yaml,cb8398b1a533a19a4fc081e6e0d46618329e03332e1f5f8bb535d338e90c99ee,/home/rowanli.tangalin/tpr/tpr/results/hpc_rq1/nominal/walker/biped/static/seed_009,complete,500,3.9597232200695673,False
walker__biped__nchl__seed_000,final,Walker-v0,biped,nchl,0,/home/rowanli.tangalin/tpr/tpr/results/hpc_rq1/nominal/walker/biped/nchl/seed_000/config.yaml,2c6e6b026ee677a78e9d744112611304c259ad9e06288c90c1e89bc39bd8badd,/home/rowanli.tangalin/tpr/tpr/results/hpc_rq1/nominal/walker/biped/nchl/seed_000,complete,500,5.422643654395249,False
walker__biped__nchl__seed_001,final,Walker-v0,biped,nchl,1,/home/rowanli.tangalin/tpr/tpr/results/hpc_rq1/nominal/walker/biped/nchl/seed_001/config.yaml,f9c3dae9eeb3f7ac5b8ce4b6b913d3366424db3aaddddccde1131516ab0d9cad,/home/rowanli.tangalin/tpr/tpr/results/hpc_rq1/nominal/walker/biped/nchl/seed_001,complete,500,4.867498235192435,False
walker__biped__nchl__seed_002,final,Walker-v0,biped,nchl,2,/home/rowanli.tangalin/tpr/tpr/results/hpc_rq1/nominal/walker/biped/nchl/seed_002/config.yaml,51ddb163f7a437b9dd383beaad7780645de42b5ff0ad7627ea6b5406927801c0,/home/rowanli.tangalin/tpr/tpr/results/hpc_rq1/nominal/walker/biped/nchl/seed_002,complete,500,5.553873482188435,False
walker__biped__nchl__seed_003,final,Walker-v0,biped,nchl,3,/home/rowanli.tangalin/tpr/tpr/results/hpc_rq1/nominal/walker/biped/nchl/seed_003/config.yaml,e15a4d9d9c51ddc2e9ec78035a4d9c4f27aaece9cd90565ef2a9794e844e224f,/home/rowanli.tangalin/tpr/tpr/results/hpc_rq1/nominal/walker/biped/nchl/seed_003,complete,500,4.457667142134588,False
walker__biped__nchl__seed_004,final,Walker-v0,biped,nchl,4,/home/rowanli.tangalin/tpr/tpr/results/hpc_rq1/nominal/walker/biped/nchl/seed_004/config.yaml,de1d133581515e158a317db31d0047534d22c144c35c8a91816750a519a78390,/home/rowanli.tangalin/tpr/tpr/results/hpc_rq1/nominal/walker/biped/nchl/seed_004,complete,500,4.394293080021168,False
walker__biped__nchl__seed_005,final,Walker-v0,biped,nchl,5,/home/rowanli.tangalin/tpr/tpr/results/hpc_rq1/nominal/walker/biped/nchl/seed_005/config.yaml,2e4757f4c378c86feb7fc7fd527fb70abfece956b54f623c7dca5a69b22a2844,/home/rowanli.tangalin/tpr/tpr/results/hpc_rq1/nominal/walker/biped/nchl/seed_005,complete,500,5.4117107769196116,False
walker__biped__nchl__seed_006,final,Walker-v0,biped,nchl,6,/home/rowanli.tangalin/tpr/tpr/results/hpc_rq1/nominal/walker/biped/nchl/seed_006/config.yaml,fe312947a36da98a70b77eb9fd91f62a26e020d408da588a23b7f09829ae207f,/home/rowanli.tangalin/tpr/tpr/results/hpc_rq1/nominal/walker/biped/nchl/seed_006,complete,500,5.631383807087815,False
walker__biped__nchl__seed_007,final,Walker-v0,biped,nchl,7,/home/rowanli.tangalin/tpr/tpr/results/hpc_rq1/nominal/walker/biped/nchl/seed_007/config.yaml,187d9917a60541b0544ad0eeb63e2c1cb930aa9b282d4de77adc5b90ded411d1,/home/rowanli.tangalin/tpr/tpr/results/hpc_rq1/nominal/walker/biped/nchl/seed_007,complete,500,4.974404587803208,False
walker__biped__nchl__seed_008,final,Walker-v0,biped,nchl,8,/home/rowanli.tangalin/tpr/tpr/results/hpc_rq1/nominal/walker/biped/nchl/seed_008/config.yaml,aac83c4201c750fc99272cd1db3ed1909dde41ff44c4c142259acfc5f8e0aee0,/home/rowanli.tangalin/tpr/tpr/results/hpc_rq1/nominal/walker/biped/nchl/seed_008,complete,500,5.63317731488231,False
walker__biped__nchl__seed_009,final,Walker-v0,biped,nchl,9,/home/rowanli.tangalin/tpr/tpr/results/hpc_rq1/nominal/walker/biped/nchl/seed_009/config.yaml,a4ead1617d7d8d40bcbf3b43a09b7ab2032776df39b543c89d9f53bd20aedd2b,/home/rowanli.tangalin/tpr/tpr/results/hpc_rq1/nominal/walker/biped/nchl/seed_009,complete,500,4.348237957454807,False
carrier__biped__static__seed_000,final,Carrier-v0,biped,static,0,/home/rowanli.tangalin/tpr/tpr/results/hpc_rq1/nominal/carrier/biped/static/seed_000/config.yaml,7481dfaf521a1080c442ee4538ecacd6db02caa97888d55b278d95afbd10ba4d,/home/rowanli.tangalin/tpr/tpr/results/hpc_rq1/nominal/carrier/biped/static/seed_000,complete,500,2.3682785833712883,False
carrier__biped__static__seed_001,final,Carrier-v0,biped,static,1,/home/rowanli.tangalin/tpr/tpr/results/hpc_rq1/nominal/carrier/biped/static/seed_001/config.yaml,7a24d056f998b3e3eb1c4e16b634d1c3cc1b5039b4262ce34cc21dafe29f2bf5,/home/rowanli.tangalin/tpr/tpr/results/hpc_rq1/nominal/carrier/biped/static/seed_001,complete,500,2.4884293793386227,False
carrier__biped__static__seed_002,final,Carrier-v0,biped,static,2,/home/rowanli.tangalin/tpr/tpr/results/hpc_rq1/nominal/carrier/biped/static/seed_002/config.yaml,36643fca2368b4b41d31f141557806455a8ac8e36ac34f5ede9bfa68408f3a3a,/home/rowanli.tangalin/tpr/tpr/results/hpc_rq1/nominal/carrier/biped/static/seed_002,complete,500,2.3495740753949192,False
carrier__biped__static__seed_003,final,Carrier-v0,biped,static,3,/home/rowanli.tangalin/tpr/tpr/results/hpc_rq1/nominal/carrier/biped/static/seed_003/config.yaml,d6b98b2a57ece69936d50e94ad53bd58a768503647d0f25a5373728a475110d6,/home/rowanli.tangalin/tpr/tpr/results/hpc_rq1/nominal/carrier/biped/static/seed_003,complete,500,2.1030068151711476,False
carrier__biped__static__seed_004,final,Carrier-v0,biped,static,4,/home/rowanli.tangalin/tpr/tpr/results/hpc_rq1/nominal/carrier/biped/static/seed_004/config.yaml,d948692e7f8a79421274dd9f6cc7e45facb803f46ae8d63be0c21cd679d2c447,/home/rowanli.tangalin/tpr/tpr/results/hpc_rq1/nominal/carrier/biped/static/seed_004,complete,500,1.6010339847547508,False
carrier__biped__static__seed_005,final,Carrier-v0,biped,static,5,/home/rowanli.tangalin/tpr/tpr/results/hpc_rq1/nominal/carrier/biped/static/seed_005/config.yaml,12119ee8789a72d4de39b07306bcf72120a1202a3951da7a7da699ab126564df,/home/rowanli.tangalin/tpr/tpr/results/hpc_rq1/nominal/carrier/biped/static/seed_005,complete,500,1.8164150296966681,False
carrier__biped__static__seed_006,final,Carrier-v0,biped,static,6,/home/rowanli.tangalin/tpr/tpr/results/hpc_rq1/nominal/carrier/biped/static/seed_006/config.yaml,17aa5b283be0549004b5c74b1922ff57d10e25652c263eeb3db88e9c4c402d1d,/home/rowanli.tangalin/tpr/tpr/results/hpc_rq1/nominal/carrier/biped/static/seed_006,complete,500,2.131718265578995,False
carrier__biped__static__seed_007,final,Carrier-v0,biped,static,7,/home/rowanli.tangalin/tpr/tpr/results/hpc_rq1/nominal/carrier/biped/static/seed_007/config.yaml,9df9c78c523c4c7311c5ceb12610711107d640e21680ded48beb9a736179b207,/home/rowanli.tangalin/tpr/tpr/results/hpc_rq1/nominal/carrier/biped/static/seed_007,complete,500,2.8868604720673128,False
carrier__biped__static__seed_008,final,Carrier-v0,biped,static,8,/home/rowanli.tangalin/tpr/tpr/results/hpc_rq1/nominal/carrier/biped/static/seed_008/config.yaml,0e57e49c802f65dcd589faf4763afdbb3a1af4c70d81ce497abc0cf1b619bc88,/home/rowanli.tangalin/tpr/tpr/results/hpc_rq1/nominal/carrier/biped/static/seed_008,complete,500,2.8325223080271376,False
carrier__biped__static__seed_009,final,Carrier-v0,biped,static,9,/home/rowanli.tangalin/tpr/tpr/results/hpc_rq1/nominal/carrier/biped/static/seed_009/config.yaml,275e79bc26c7759cff176a3e56034b3c8048a5980e26ece38dd43fea1cde46fc,/home/rowanli.tangalin/tpr/tpr/results/hpc_rq1/nominal/carrier/biped/static/seed_009,complete,500,1.3634984236315244,False
carrier__biped__nchl__seed_000,final,Carrier-v0,biped,nchl,0,/home/rowanli.tangalin/tpr/tpr/results/hpc_rq1/nominal/carrier/biped/nchl/seed_000/config.yaml,4a3d60bfbae110cc2ae817b182f8e6175b8b040eb98b466606818ece568fa0db,/home/rowanli.tangalin/tpr/tpr/results/hpc_rq1/nominal/carrier/biped/nchl/seed_000,complete,500,2.22128270641916,False
carrier__biped__nchl__seed_001,final,Carrier-v0,biped,nchl,1,/home/rowanli.tangalin/tpr/tpr/results/hpc_rq1/nominal/carrier/biped/nchl/seed_001/config.yaml,fc165def04eedc1fd39ccf612741552d9574a5a8228c644a7661cafd62ea43f0,/home/rowanli.tangalin/tpr/tpr/results/hpc_rq1/nominal/carrier/biped/nchl/seed_001,complete,500,2.303115090399475,False
carrier__biped__nchl__seed_002,final,Carrier-v0,biped,nchl,2,/home/rowanli.tangalin/tpr/tpr/results/hpc_rq1/nominal/carrier/biped/nchl/seed_002/config.yaml,c46b349c32b84b18b55b1db6867a934cedf5926fbed8b7b83ac07cb27e38fbc6,/home/rowanli.tangalin/tpr/tpr/results/hpc_rq1/nominal/carrier/biped/nchl/seed_002,complete,500,2.3832665964527067,False
carrier__biped__nchl__seed_003,final,Carrier-v0,biped,nchl,3,/home/rowanli.tangalin/tpr/tpr/results/hpc_rq1/nominal/carrier/biped/nchl/seed_003/config.yaml,dd90ace3a112904155ff3289426075ff7c4eea3913621e63d1815172815cf404,/home/rowanli.tangalin/tpr/tpr/results/hpc_rq1/nominal/carrier/biped/nchl/seed_003,complete,500,1.4887302738121093,False
carrier__biped__nchl__seed_004,final,Carrier-v0,biped,nchl,4,/home/rowanli.tangalin/tpr/tpr/results/hpc_rq1/nominal/carrier/biped/nchl/seed_004/config.yaml,02a112f7f3c173167135d33f72892b6d09a8a7130df309d7adfad5707dc12442,/home/rowanli.tangalin/tpr/tpr/results/hpc_rq1/nominal/carrier/biped/nchl/seed_004,complete,500,1.9048693115879367,False
carrier__biped__nchl__seed_005,final,Carrier-v0,biped,nchl,5,/home/rowanli.tangalin/tpr/tpr/results/hpc_rq1/nominal/carrier/biped/nchl/seed_005/config.yaml,59576d974c40b5d6b64196be05d1cbb1da4280930f2f42a519aee7be5e9074e3,/home/rowanli.tangalin/tpr/tpr/results/hpc_rq1/nominal/carrier/biped/nchl/seed_005,complete,500,1.3699061665591517,False
carrier__biped__nchl__seed_006,final,Carrier-v0,biped,nchl,6,/home/rowanli.tangalin/tpr/tpr/results/hpc_rq1/nominal/carrier/biped/nchl/seed_006/config.yaml,5c7ed5b35412f661a01011a05217ec60a319583f52660088f2aa311eaa0ccaa4,/home/rowanli.tangalin/tpr/tpr/results/hpc_rq1/nominal/carrier/biped/nchl/seed_006,complete,500,1.704040783770446,False
carrier__biped__nchl__seed_007,final,Carrier-v0,biped,nchl,7,/home/rowanli.tangalin/tpr/tpr/results/hpc_rq1/nominal/carrier/biped/nchl/seed_007/config.yaml,3ed6918f77319552df9435be1863d69c413ca688a3729a33fe31775171199a4e,/home/rowanli.tangalin/tpr/tpr/results/hpc_rq1/nominal/carrier/biped/nchl/seed_007,complete,500,1.2795552293219137,False
carrier__biped__nchl__seed_008,final,Carrier-v0,biped,nchl,8,/home/rowanli.tangalin/tpr/tpr/results/hpc_rq1/nominal/carrier/biped/nchl/seed_008/config.yaml,ad265df0c69f27ccea7fb58a3c9ec91b1fa68e9775fc9f92d27b0e8694f4d3d8,/home/rowanli.tangalin/tpr/tpr/results/hpc_rq1/nominal/carrier/biped/nchl/seed_008,complete,500,2.0062916200404204,False
carrier__biped__nchl__seed_009,final,Carrier-v0,biped,nchl,9,/home/rowanli.tangalin/tpr/tpr/results/hpc_rq1/nominal/carrier/biped/nchl/seed_009/config.yaml,c1aac2e2d985f35c2aed40f3b6e71308304409cd7f9dbaf26bc19dc41617ecbf,/home/rowanli.tangalin/tpr/tpr/results/hpc_rq1/nominal/carrier/biped/nchl/seed_009,complete,500,1.5845173913200397,False
jumper__biped__static__seed_000,final,Jumper-v0,biped,static,0,/home/rowanli.tangalin/tpr/tpr/results/hpc_rq1/nominal/jumper/biped/static/seed_000/config.yaml,2ea7f4d6430209eea15ca2d735cc2a545f240d7d69db5fe0ce0e89cfe0306769,/home/rowanli.tangalin/tpr/tpr/results/hpc_rq1/nominal/jumper/biped/static/seed_000,complete,500,0.2556993067467833,False
jumper__biped__static__seed_001,final,Jumper-v0,biped,static,1,/home/rowanli.tangalin/tpr/tpr/results/hpc_rq1/nominal/jumper/biped/static/seed_001/config.yaml,7991e3de365329ae877fc9cdd8e73a524f0e712cc76a81c558333b671d837a02,/home/rowanli.tangalin/tpr/tpr/results/hpc_rq1/nominal/jumper/biped/static/seed_001,complete,500,0.2520646462500753,False
jumper__biped__static__seed_002,final,Jumper-v0,biped,static,2,/home/rowanli.tangalin/tpr/tpr/results/hpc_rq1/nominal/jumper/biped/static/seed_002/config.yaml,34c102789e3b93aa2cee80a754a7d11a954626a953e5f66fa4bec8513b19d5de,/home/rowanli.tangalin/tpr/tpr/results/hpc_rq1/nominal/jumper/biped/static/seed_002,complete,500,0.25700832328505896,False
jumper__biped__static__seed_003,final,Jumper-v0,biped,static,3,/home/rowanli.tangalin/tpr/tpr/results/hpc_rq1/nominal/jumper/biped/static/seed_003/config.yaml,db455981d4b74b4bd51aec3f36a880cfffab1a13397dbde40afbb06363271fae,/home/rowanli.tangalin/tpr/tpr/results/hpc_rq1/nominal/jumper/biped/static/seed_003,complete,500,0.23724927933973905,False
jumper__biped__static__seed_004,final,Jumper-v0,biped,static,4,/home/rowanli.tangalin/tpr/tpr/results/hpc_rq1/nominal/jumper/biped/static/seed_004/config.yaml,5aff64f671cfe2dfdadd64d38bca80967df7026c419b68df30d01b204d0541d9,/home/rowanli.tangalin/tpr/tpr/results/hpc_rq1/nominal/jumper/biped/static/seed_004,complete,500,0.24465312966855224,False
jumper__biped__static__seed_005,final,Jumper-v0,biped,static,5,/home/rowanli.tangalin/tpr/tpr/results/hpc_rq1/nominal/jumper/biped/static/seed_005/config.yaml,fe7da90b51997cb80cd640a745f5d8b9c8c3f74d53079b2374d144ec903eb8a1,/home/rowanli.tangalin/tpr/tpr/results/hpc_rq1/nominal/jumper/biped/static/seed_005,complete,500,0.25472526669536755,False
jumper__biped__static__seed_006,final,Jumper-v0,biped,static,6,/home/rowanli.tangalin/tpr/tpr/results/hpc_rq1/nominal/jumper/biped/static/seed_006/config.yaml,908d5e0947b1e06cc4b56a682b99aa149e7dcfbad3d699e3c844151a7b9e0fc8,/home/rowanli.tangalin/tpr/tpr/results/hpc_rq1/nominal/jumper/biped/static/seed_006,complete,500,0.2594361993438027,False
jumper__biped__static__seed_007,final,Jumper-v0,biped,static,7,/home/rowanli.tangalin/tpr/tpr/results/hpc_rq1/nominal/jumper/biped/static/seed_007/config.yaml,704e9cab57822d8db97108fceb2bc5ea665c40eb040480779910087ab1071f08,/home/rowanli.tangalin/tpr/tpr/results/hpc_rq1/nominal/jumper/biped/static/seed_007,complete,500,0.2264515062825756,False
jumper__biped__static__seed_008,final,Jumper-v0,biped,static,8,/home/rowanli.tangalin/tpr/tpr/results/hpc_rq1/nominal/jumper/biped/static/seed_008/config.yaml,4d3d3c98b1f56896bd067218a95e7297ef5c50d1653b0b5c8defe61ed350cc3a,/home/rowanli.tangalin/tpr/tpr/results/hpc_rq1/nominal/jumper/biped/static/seed_008,complete,500,0.3278770272319792,False
jumper__biped__static__seed_009,final,Jumper-v0,biped,static,9,/home/rowanli.tangalin/tpr/tpr/results/hpc_rq1/nominal/jumper/biped/static/seed_009/config.yaml,26dc2708932098cfdc86320ad3008f1281a757efda869ffc3b96162a2064b435,/home/rowanli.tangalin/tpr/tpr/results/hpc_rq1/nominal/jumper/biped/static/seed_009,complete,500,0.2591625094633476,False
jumper__biped__nchl__seed_000,final,Jumper-v0,biped,nchl,0,/home/rowanli.tangalin/tpr/tpr/results/hpc_rq1/nominal/jumper/biped/nchl/seed_000/config.yaml,872315b412cee97f007c35ed1fff6f53dfb4a69da57fc5eabde7fd62939bbe6b,/home/rowanli.tangalin/tpr/tpr/results/hpc_rq1/nominal/jumper/biped/nchl/seed_000,complete,500,0.21540325216178102,False
jumper__biped__nchl__seed_001,final,Jumper-v0,biped,nchl,1,/home/rowanli.tangalin/tpr/tpr/results/hpc_rq1/nominal/jumper/biped/nchl/seed_001/config.yaml,2d7488e64d9132742d6e7e9a1270351f534764b5c243f88632db05f034f7af03,/home/rowanli.tangalin/tpr/tpr/results/hpc_rq1/nominal/jumper/biped/nchl/seed_001,complete,500,0.32764962753528304,False
jumper__biped__nchl__seed_002,final,Jumper-v0,biped,nchl,2,/home/rowanli.tangalin/tpr/tpr/results/hpc_rq1/nominal/jumper/biped/nchl/seed_002/config.yaml,8dfeba175fb7eb5c4af1378c5bb8b090486ea3a9266700a74aa62655d39623f8,/home/rowanli.tangalin/tpr/tpr/results/hpc_rq1/nominal/jumper/biped/nchl/seed_002,complete,500,0.3112858443326838,False
jumper__biped__nchl__seed_003,final,Jumper-v0,biped,nchl,3,/home/rowanli.tangalin/tpr/tpr/results/hpc_rq1/nominal/jumper/biped/nchl/seed_003/config.yaml,b7330d259859e51fa161413a9d13b9589759e4bfac05cedcac337b8322db95ce,/home/rowanli.tangalin/tpr/tpr/results/hpc_rq1/nominal/jumper/biped/nchl/seed_003,complete,500,0.4676965043196111,False
jumper__biped__nchl__seed_004,final,Jumper-v0,biped,nchl,4,/home/rowanli.tangalin/tpr/tpr/results/hpc_rq1/nominal/jumper/biped/nchl/seed_004/config.yaml,3d170b303eb034a44dff579fb2b38138922d597102744ab15a96df0b98f3621e,/home/rowanli.tangalin/tpr/tpr/results/hpc_rq1/nominal/jumper/biped/nchl/seed_004,complete,500,0.2927271394202045,False
jumper__biped__nchl__seed_005,final,Jumper-v0,biped,nchl,5,/home/rowanli.tangalin/tpr/tpr/results/hpc_rq1/nominal/jumper/biped/nchl/seed_005/config.yaml,4d326e23ecf3d532353d23b80bf92ab5c762bcdbed32c4a7962b4dda18522331,/home/rowanli.tangalin/tpr/tpr/results/hpc_rq1/nominal/jumper/biped/nchl/seed_005,complete,500,0.6479972000565263,False
jumper__biped__nchl__seed_006,final,Jumper-v0,biped,nchl,6,/home/rowanli.tangalin/tpr/tpr/results/hpc_rq1/nominal/jumper/biped/nchl/seed_006/config.yaml,e581d803244e54df0bab78f078df05708a68027df13e734952b5fc1de4915b7f,/home/rowanli.tangalin/tpr/tpr/results/hpc_rq1/nominal/jumper/biped/nchl/seed_006,complete,500,0.3331894268879286,False
jumper__biped__nchl__seed_007,final,Jumper-v0,biped,nchl,7,/home/rowanli.tangalin/tpr/tpr/results/hpc_rq1/nominal/jumper/biped/nchl/seed_007/config.yaml,9d38fb066983b9e715bc2130dbce759c2b50aa4d458452aeaae5656f36c5bbf5,/home/rowanli.tangalin/tpr/tpr/results/hpc_rq1/nominal/jumper/biped/nchl/seed_007,complete,500,0.1415009861705583,False
jumper__biped__nchl__seed_008,final,Jumper-v0,biped,nchl,8,/home/rowanli.tangalin/tpr/tpr/results/hpc_rq1/nominal/jumper/biped/nchl/seed_008/config.yaml,17aece822f94a514674ab91416f8706dc0a999faff4bdf31d2335a917c51b138,/home/rowanli.tangalin/tpr/tpr/results/hpc_rq1/nominal/jumper/biped/nchl/seed_008,complete,500,0.43881419720960624,False
jumper__biped__nchl__seed_009,final,Jumper-v0,biped,nchl,9,/home/rowanli.tangalin/tpr/tpr/results/hpc_rq1/nominal/jumper/biped/nchl/seed_009/config.yaml,dd6493e763e8b52272d6e23ac84bf3442efdf77ecb9f951091eff2a2060df0a2,/home/rowanli.tangalin/tpr/tpr/results/hpc_rq1/nominal/jumper/biped/nchl/seed_009,complete,500,0.8161910423213853,False
thrower__biped__static__seed_000,final,Thrower-v0,biped,static,0,/home/rowanli.tangalin/tpr/tpr/results/hpc_rq1/nominal/thrower/biped/static/seed_000/config.yaml,c4b3747d237c45a7d3e671d2ab7b7a2e372a2f091fdccc436c793832a53e428f,/home/rowanli.tangalin/tpr/tpr/results/hpc_rq1/nominal/thrower/biped/static/seed_000,complete,500,1.7940387330517054,False
thrower__biped__static__seed_001,final,Thrower-v0,biped,static,1,/home/rowanli.tangalin/tpr/tpr/results/hpc_rq1/nominal/thrower/biped/static/seed_001/config.yaml,56d325f4247b166a1111cce9b3cb6388bd6985374535603edb434169283f1030,/home/rowanli.tangalin/tpr/tpr/results/hpc_rq1/nominal/thrower/biped/static/seed_001,complete,500,1.8012129784679973,False
thrower__biped__static__seed_002,final,Thrower-v0,biped,static,2,/home/rowanli.tangalin/tpr/tpr/results/hpc_rq1/nominal/thrower/biped/static/seed_002/config.yaml,a47338b42245b2e1d801c79ef9779ad89c321a626bb0fe5a50750b956257e969,/home/rowanli.tangalin/tpr/tpr/results/hpc_rq1/nominal/thrower/biped/static/seed_002,complete,500,1.7588777336965853,False
thrower__biped__static__seed_003,final,Thrower-v0,biped,static,3,/home/rowanli.tangalin/tpr/tpr/results/hpc_rq1/nominal/thrower/biped/static/seed_003/config.yaml,45677c35932cdd2f142a7dba736086917b039cb20516c56187b57f0dc14b3180,/home/rowanli.tangalin/tpr/tpr/results/hpc_rq1/nominal/thrower/biped/static/seed_003,complete,500,2.247642497093222,False
thrower__biped__static__seed_004,final,Thrower-v0,biped,static,4,/home/rowanli.tangalin/tpr/tpr/results/hpc_rq1/nominal/thrower/biped/static/seed_004/config.yaml,639520971878746dc252ea35664e6a0e7f0d74355ec633115e9aa9b0fbc1dc67,/home/rowanli.tangalin/tpr/tpr/results/hpc_rq1/nominal/thrower/biped/static/seed_004,complete,500,1.8007990089413,False
thrower__biped__static__seed_005,final,Thrower-v0,biped,static,5,/home/rowanli.tangalin/tpr/tpr/results/hpc_rq1/nominal/thrower/biped/static/seed_005/config.yaml,8ca533c2b9dd90ef51b17faeee0d5fbd8affdc2df88496bdf301779da7d120be,/home/rowanli.tangalin/tpr/tpr/results/hpc_rq1/nominal/thrower/biped/static/seed_005,complete,500,1.8039074554381789,False
thrower__biped__static__seed_006,final,Thrower-v0,biped,static,6,/home/rowanli.tangalin/tpr/tpr/results/hpc_rq1/nominal/thrower/biped/static/seed_006/config.yaml,3654bd4877d0e846ff933749c9a90b950a81123c5a74ac12dca5a0eca5c1883a,/home/rowanli.tangalin/tpr/tpr/results/hpc_rq1/nominal/thrower/biped/static/seed_006,complete,500,1.8097788056556754,False
thrower__biped__static__seed_007,final,Thrower-v0,biped,static,7,/home/rowanli.tangalin/tpr/tpr/results/hpc_rq1/nominal/thrower/biped/static/seed_007/config.yaml,2459838292d8d8e81a4bf62bba2f1e681585662bab081477a368695d631a57d9,/home/rowanli.tangalin/tpr/tpr/results/hpc_rq1/nominal/thrower/biped/static/seed_007,complete,500,1.814574529492574,False
thrower__biped__static__seed_008,final,Thrower-v0,biped,static,8,/home/rowanli.tangalin/tpr/tpr/results/hpc_rq1/nominal/thrower/biped/static/seed_008/config.yaml,0b8338fd4331b9e7ef63b16e424c3baf6cda56155c67873eac2ff91b97d9d490,/home/rowanli.tangalin/tpr/tpr/results/hpc_rq1/nominal/thrower/biped/static/seed_008,complete,500,1.7935032648554543,False
thrower__biped__static__seed_009,final,Thrower-v0,biped,static,9,/home/rowanli.tangalin/tpr/tpr/results/hpc_rq1/nominal/thrower/biped/static/seed_009/config.yaml,fe8905cf5c4889f9a938d0c23a6b01b6882b6df97b9c2d1ade7e1abb81bb3f5c,/home/rowanli.tangalin/tpr/tpr/results/hpc_rq1/nominal/thrower/biped/static/seed_009,complete,500,1.7997633898074579,False
thrower__biped__nchl__seed_000,final,Thrower-v0,biped,nchl,0,/home/rowanli.tangalin/tpr/tpr/results/hpc_rq1/nominal/thrower/biped/nchl/seed_000/config.yaml,85f126dee04b2643fd0a4d9b2ef470847203371bbbe8b42ed6421f202795e987,/home/rowanli.tangalin/tpr/tpr/results/hpc_rq1/nominal/thrower/biped/nchl/seed_000,complete,500,1.6772154049605967,False
thrower__biped__nchl__seed_001,final,Thrower-v0,biped,nchl,1,/home/rowanli.tangalin/tpr/tpr/results/hpc_rq1/nominal/thrower/biped/nchl/seed_001/config.yaml,61c08966474b56dd6b98017a698cbb37b8b727f4a69ae24d377b42e027741555,/home/rowanli.tangalin/tpr/tpr/results/hpc_rq1/nominal/thrower/biped/nchl/seed_001,complete,500,1.7492571631149005,False
thrower__biped__nchl__seed_002,final,Thrower-v0,biped,nchl,2,/home/rowanli.tangalin/tpr/tpr/results/hpc_rq1/nominal/thrower/biped/nchl/seed_002/config.yaml,d80ec06808ec47fdf5b72777017b12eafdb3c945892b323b16599af5b95527ee,/home/rowanli.tangalin/tpr/tpr/results/hpc_rq1/nominal/thrower/biped/nchl/seed_002,complete,500,1.6588876236378958,False
thrower__biped__nchl__seed_003,final,Thrower-v0,biped,nchl,3,/home/rowanli.tangalin/tpr/tpr/results/hpc_rq1/nominal/thrower/biped/nchl/seed_003/config.yaml,57ac6a2fa248a33477e504320336e3b55e66ca312ca9c8c0f68fcf09dad7fbae,/home/rowanli.tangalin/tpr/tpr/results/hpc_rq1/nominal/thrower/biped/nchl/seed_003,complete,500,1.5609558495602112,False
thrower__biped__nchl__seed_004,final,Thrower-v0,biped,nchl,4,/home/rowanli.tangalin/tpr/tpr/results/hpc_rq1/nominal/thrower/biped/nchl/seed_004/config.yaml,49d045e37cb26992b0baf20938b565e78c5cd47cb678ec5007a6d626bd4b858f,/home/rowanli.tangalin/tpr/tpr/results/hpc_rq1/nominal/thrower/biped/nchl/seed_004,complete,500,1.7170559338905769,False
thrower__biped__nchl__seed_005,final,Thrower-v0,biped,nchl,5,/home/rowanli.tangalin/tpr/tpr/results/hpc_rq1/nominal/thrower/biped/nchl/seed_005/config.yaml,55f9470589187f844cbca3c99c1228d620e3cd3b9f48f2d30134c47f9a10f22c,/home/rowanli.tangalin/tpr/tpr/results/hpc_rq1/nominal/thrower/biped/nchl/seed_005,complete,500,1.7008564530900703,False
thrower__biped__nchl__seed_006,final,Thrower-v0,biped,nchl,6,/home/rowanli.tangalin/tpr/tpr/results/hpc_rq1/nominal/thrower/biped/nchl/seed_006/config.yaml,fc393af65600376e2f98ff47e06159dc842b6adfc5910101c29da53f1f9725b5,/home/rowanli.tangalin/tpr/tpr/results/hpc_rq1/nominal/thrower/biped/nchl/seed_006,complete,500,1.659208626460418,False
thrower__biped__nchl__seed_007,final,Thrower-v0,biped,nchl,7,/home/rowanli.tangalin/tpr/tpr/results/hpc_rq1/nominal/thrower/biped/nchl/seed_007/config.yaml,16cbc6c4b3eb41025ec2c1e0622e099ad6e12a8dab950cbb6e0e239ec33c78e2,/home/rowanli.tangalin/tpr/tpr/results/hpc_rq1/nominal/thrower/biped/nchl/seed_007,complete,500,1.7069641652662852,False
thrower__biped__nchl__seed_008,final,Thrower-v0,biped,nchl,8,/home/rowanli.tangalin/tpr/tpr/results/hpc_rq1/nominal/thrower/biped/nchl/seed_008/config.yaml,89479f2c5e55b30dfa240041e89c07044bd88e4c380d9b52a4635807282e3882,/home/rowanli.tangalin/tpr/tpr/results/hpc_rq1/nominal/thrower/biped/nchl/seed_008,complete,500,1.4759467860521458,False
thrower__biped__nchl__seed_009,final,Thrower-v0,biped,nchl,9,/home/rowanli.tangalin/tpr/tpr/results/hpc_rq1/nominal/thrower/biped/nchl/seed_009/config.yaml,98722ce097a22114dfda873eacbddad1a417b8e2e5716ed9a13401116eaf3ce4,/home/rowanli.tangalin/tpr/tpr/results/hpc_rq1/nominal/thrower/biped/nchl/seed_009,complete,500,1.5281516696376116,False
thrower__thrower_arm__static__seed_000,final,Thrower-v0,thrower_arm,static,0,/home/rowanli.tangalin/tpr/tpr/results/hpc_rq1/nominal/thrower/thrower_arm/static/seed_000/config.yaml,6ece6d25342b6b98baf4ceb7df4ee0fb1adca2cc73c300e75f5fc41b611155cb,/home/rowanli.tangalin/tpr/tpr/results/hpc_rq1/nominal/thrower/thrower_arm/static/seed_000,complete,500,6.184064967247208,False
thrower__thrower_arm__static__seed_001,final,Thrower-v0,thrower_arm,static,1,/home/rowanli.tangalin/tpr/tpr/results/hpc_rq1/nominal/thrower/thrower_arm/static/seed_001/config.yaml,46e767f4e37f17b200b32ec4ad88ebc2ce50020bd4e4a456e9b9b8f8dad12a2c,/home/rowanli.tangalin/tpr/tpr/results/hpc_rq1/nominal/thrower/thrower_arm/static/seed_001,complete,500,3.4193802560567907,False
thrower__thrower_arm__static__seed_002,final,Thrower-v0,thrower_arm,static,2,/home/rowanli.tangalin/tpr/tpr/results/hpc_rq1/nominal/thrower/thrower_arm/static/seed_002/config.yaml,1df60a7c62887d6eee069f8bfab8f2c47c9bcea99bdb8b5155e45b8ba7400be8,/home/rowanli.tangalin/tpr/tpr/results/hpc_rq1/nominal/thrower/thrower_arm/static/seed_002,complete,500,3.3386428468756417,False
thrower__thrower_arm__static__seed_003,final,Thrower-v0,thrower_arm,static,3,/home/rowanli.tangalin/tpr/tpr/results/hpc_rq1/nominal/thrower/thrower_arm/static/seed_003/config.yaml,c95209fe44a5983bdc5726497bb9b6962eed5764ed119cd29bef7c4deaea1b1e,/home/rowanli.tangalin/tpr/tpr/results/hpc_rq1/nominal/thrower/thrower_arm/static/seed_003,complete,500,4.444024351573179,False
thrower__thrower_arm__static__seed_004,final,Thrower-v0,thrower_arm,static,4,/home/rowanli.tangalin/tpr/tpr/results/hpc_rq1/nominal/thrower/thrower_arm/static/seed_004/config.yaml,b06f28efcacfec3b07cdba209fba942ea3cab7698aa073dcdc8d05184f97c944,/home/rowanli.tangalin/tpr/tpr/results/hpc_rq1/nominal/thrower/thrower_arm/static/seed_004,complete,500,6.1468586398868235,False
thrower__thrower_arm__static__seed_005,final,Thrower-v0,thrower_arm,static,5,/home/rowanli.tangalin/tpr/tpr/results/hpc_rq1/nominal/thrower/thrower_arm/static/seed_005/config.yaml,0064e07613b39b0530b3642f86795ded55f91ce48b9556495aaaaac138946111,/home/rowanli.tangalin/tpr/tpr/results/hpc_rq1/nominal/thrower/thrower_arm/static/seed_005,complete,500,3.3889496686920446,False
thrower__thrower_arm__static__seed_006,final,Thrower-v0,thrower_arm,static,6,/home/rowanli.tangalin/tpr/tpr/results/hpc_rq1/nominal/thrower/thrower_arm/static/seed_006/config.yaml,bc316b167c5f36fda1a0a24a6a99c16322d9a7aadfc000014e7dfaa729d79a3e,/home/rowanli.tangalin/tpr/tpr/results/hpc_rq1/nominal/thrower/thrower_arm/static/seed_006,complete,500,3.4009116092928484,False
thrower__thrower_arm__static__seed_007,final,Thrower-v0,thrower_arm,static,7,/home/rowanli.tangalin/tpr/tpr/results/hpc_rq1/nominal/thrower/thrower_arm/static/seed_007/config.yaml,8e7330b99b404d7b495394d15dbcf66d01526a3d5a2e805279242cde8f3f82fc,/home/rowanli.tangalin/tpr/tpr/results/hpc_rq1/nominal/thrower/thrower_arm/static/seed_007,complete,500,4.404721461115495,False
thrower__thrower_arm__static__seed_008,final,Thrower-v0,thrower_arm,static,8,/home/rowanli.tangalin/tpr/tpr/results/hpc_rq1/nominal/thrower/thrower_arm/static/seed_008/config.yaml,458a7d7d8c4a385f29200375549ec758d80103986b2f8c128bfa589f608dbaeb,/home/rowanli.tangalin/tpr/tpr/results/hpc_rq1/nominal/thrower/thrower_arm/static/seed_008,complete,500,3.3236783478214944,True
thrower__thrower_arm__static__seed_009,final,Thrower-v0,thrower_arm,static,9,/home/rowanli.tangalin/tpr/tpr/results/hpc_rq1/nominal/thrower/thrower_arm/static/seed_009/config.yaml,1397c892eb06862c0f0ee6a1b1e24e5df29eda7740d7e3d746eeb6d5d63e44c5,/home/rowanli.tangalin/tpr/tpr/results/hpc_rq1/nominal/thrower/thrower_arm/static/seed_009,complete,500,6.1920792149685155,False
thrower__thrower_arm__nchl__seed_000,final,Thrower-v0,thrower_arm,nchl,0,/home/rowanli.tangalin/tpr/tpr/results/hpc_rq1/nominal/thrower/thrower_arm/nchl/seed_000/config.yaml,fc922ac142f7558d012c1f4fa556dbe2f5f0a6ce1a26bc38380c596e3b55d056,/home/rowanli.tangalin/tpr/tpr/results/hpc_rq1/nominal/thrower/thrower_arm/nchl/seed_000,complete,500,3.8417600668626215,False
thrower__thrower_arm__nchl__seed_001,final,Thrower-v0,thrower_arm,nchl,1,/home/rowanli.tangalin/tpr/tpr/results/hpc_rq1/nominal/thrower/thrower_arm/nchl/seed_001/config.yaml,ad8a66363c20bb385a6a9364528f0810583350313bfc874a6ae9af5427f03e68,/home/rowanli.tangalin/tpr/tpr/results/hpc_rq1/nominal/thrower/thrower_arm/nchl/seed_001,complete,500,4.327021616046726,False
thrower__thrower_arm__nchl__seed_002,final,Thrower-v0,thrower_arm,nchl,2,/home/rowanli.tangalin/tpr/tpr/results/hpc_rq1/nominal/thrower/thrower_arm/nchl/seed_002/config.yaml,c0fe4c66e1739f91e800330d9e044e63dc94d647b7892238bca5ee91edd392a3,/home/rowanli.tangalin/tpr/tpr/results/hpc_rq1/nominal/thrower/thrower_arm/nchl/seed_002,complete,500,1.9886435342492532,False
thrower__thrower_arm__nchl__seed_003,final,Thrower-v0,thrower_arm,nchl,3,/home/rowanli.tangalin/tpr/tpr/results/hpc_rq1/nominal/thrower/thrower_arm/nchl/seed_003/config.yaml,0d1a38b7c1b7fbd84b87338d3134b3959c99f77cd6ee0dd022a8d860732cf540,/home/rowanli.tangalin/tpr/tpr/results/hpc_rq1/nominal/thrower/thrower_arm/nchl/seed_003,complete,500,4.10224794686991,False
thrower__thrower_arm__nchl__seed_004,final,Thrower-v0,thrower_arm,nchl,4,/home/rowanli.tangalin/tpr/tpr/results/hpc_rq1/nominal/thrower/thrower_arm/nchl/seed_004/config.yaml,cd4ef82ef3b8c891e536517c06f0ca37ddb49fb9172e181caaa3a445f9fa7729,/home/rowanli.tangalin/tpr/tpr/results/hpc_rq1/nominal/thrower/thrower_arm/nchl/seed_004,complete,500,3.4195623632919663,False
thrower__thrower_arm__nchl__seed_005,final,Thrower-v0,thrower_arm,nchl,5,/home/rowanli.tangalin/tpr/tpr/results/hpc_rq1/nominal/thrower/thrower_arm/nchl/seed_005/config.yaml,497c82087fa58f76676013c55b4ae00785376422cdfe0167fb69b6f2d2c1f4b2,/home/rowanli.tangalin/tpr/tpr/results/hpc_rq1/nominal/thrower/thrower_arm/nchl/seed_005,complete,500,3.377871196444449,False
thrower__thrower_arm__nchl__seed_006,final,Thrower-v0,thrower_arm,nchl,6,/home/rowanli.tangalin/tpr/tpr/results/hpc_rq1/nominal/thrower/thrower_arm/nchl/seed_006/config.yaml,0c31b284048474b449e93dd529ccab657f1c55da1a3e10b8a9791d342fb87094,/home/rowanli.tangalin/tpr/tpr/results/hpc_rq1/nominal/thrower/thrower_arm/nchl/seed_006,complete,500,2.5910293528989405,False
thrower__thrower_arm__nchl__seed_007,final,Thrower-v0,thrower_arm,nchl,7,/home/rowanli.tangalin/tpr/tpr/results/hpc_rq1/nominal/thrower/thrower_arm/nchl/seed_007/config.yaml,691cd3937c649ebeaf7594b7d1b9612b79c9a70122cd1b677ce5f67cb5b21c91,/home/rowanli.tangalin/tpr/tpr/results/hpc_rq1/nominal/thrower/thrower_arm/nchl/seed_007,complete,500,3.325000521022639,False
thrower__thrower_arm__nchl__seed_008,final,Thrower-v0,thrower_arm,nchl,8,/home/rowanli.tangalin/tpr/tpr/results/hpc_rq1/nominal/thrower/thrower_arm/nchl/seed_008/config.yaml,b2b4e331fbf1c0491321ab933836530d78932ad701d914ca63de58b7553f5a08,/home/rowanli.tangalin/tpr/tpr/results/hpc_rq1/nominal/thrower/thrower_arm/nchl/seed_008,complete,500,3.8196147219013787,False
thrower__thrower_arm__nchl__seed_009,final,Thrower-v0,thrower_arm,nchl,9,/home/rowanli.tangalin/tpr/tpr/results/hpc_rq1/nominal/thrower/thrower_arm/nchl/seed_009/config.yaml,064a520a9f389cf91a9ee5b96699dd01f6447dcca7f78e612d01b157414d6cf4,/home/rowanli.tangalin/tpr/tpr/results/hpc_rq1/nominal/thrower/thrower_arm/nchl/seed_009,complete,500,4.085418946500428,False
