generation,best_fitness,best_so_far_fitness,mean_fitness,median_fitness,std_fitness,evaluation_count,elapsed_seconds
0,0.7039463747192671,0.7039463747192671,-0.08675448500638225,0.026500736739413056,0.4754058516983603,40,8.448107047006488
1,0.7039463747192671,0.7039463747192671,-0.00031451646667610134,0.007015772290033223,0.22977773014623068,80,1.945962032303214
2,1.1460082251835952,1.1460082251835952,0.05806191770751108,0.01308345638226105,0.4149563007553658,120,2.119873521849513
3,1.37123821147692,1.37123821147692,0.11024933443362221,0.012186362863490896,0.574841096295358,160,2.167746238410473
4,1.6717641593433448,1.6717641593433448,0.14171544315126855,0.03869139110663261,0.47471386881971683,200,2.070679934695363
5,1.6717641593433448,1.6717641593433448,0.1639687036522973,0.05024645307012676,0.5253954029562097,240,2.112071743234992
6,1.7694827684619108,1.7694827684619108,0.28744879668357987,0.042151360176920005,0.6656069676875395,280,2.2071921285241842
7,1.9479240136528546,1.9479240136528546,0.32179348894375115,0.1546034281802158,0.8893556085227824,320,2.0117761828005314
8,1.9582106866056266,1.9582106866056266,0.3412154724619255,0.043040702678698334,0.84150367456271,360,1.9864687789231539
9,1.9582106866056266,1.9582106866056266,0.3577549243986527,0.18400452378021995,0.625456567184957,400,2.0579239800572395
10,2.0570031655764636,2.0570031655764636,0.3123083120039779,0.5793944611478585,1.1593050491327175,440,2.0007090270519257
11,2.0570031655764636,2.0570031655764636,0.3910178059567168,0.07592494874331251,0.8910709386623281,480,2.063400285318494
12,2.155097701228228,2.155097701228228,0.5646611156500918,0.4489491319758673,0.8845935519360404,520,1.9759380761533976
13,2.21394430274428,2.21394430274428,0.6832091240764562,0.7953031816679791,0.7791426861070266,560,2.0738535840064287
14,2.21394430274428,2.21394430274428,0.7255758900775033,0.7490939950628077,0.8646038684640006,600,2.002809004858136
15,2.368662723552581,2.368662723552581,0.5602293671445638,0.9427672285057136,1.2213993651027688,640,1.9946526680141687
16,2.390136691394668,2.390136691394668,0.6898347329332152,0.9211627195099683,1.1869028106724626,680,1.959729716181755
17,2.390136691394668,2.390136691394668,0.9896014607998322,1.1617967456000948,0.9692399549844959,720,1.925376046448946
18,2.5309809413487043,2.5309809413487043,1.0333521836152049,1.3286175608958386,1.1289252163456722,760,2.011530488729477
19,2.5309809413487043,2.5309809413487043,1.11035978088915,1.4485303250611445,1.037855177306721,800,1.9832944683730602
20,2.5309809413487043,2.5309809413487043,0.9857531065044787,1.2668732005760344,1.0941414985503415,840,2.122611414641142
21,2.5827301802649263,2.5827301802649263,1.2330375878753963,1.4158098011087428,0.9189563529706616,880,2.065418219193816
22,2.5827301802649263,2.5827301802649263,1.4727806632949683,1.6538603259315026,0.7812800775196193,920,2.14646115899086
23,2.5827301802649263,2.5827301802649263,1.4064127430496065,1.772641523243371,1.080746913106041,960,1.9624758921563625
24,2.7529446139469718,2.7529446139469718,1.1736803471230117,1.4026436747417712,1.0126421241818935,1000,2.061086619272828
25,2.7529446139469718,2.7529446139469718,1.4620804093309578,1.8207414114878564,0.902183442342884,1040,2.062986260280013
26,2.7529446139469718,2.7529446139469718,1.6043067298759546,1.8561719524042715,1.0619330114190193,1080,2.049193801358342
27,2.7529446139469718,2.7529446139469718,1.4766146507194684,1.8190618934830933,0.9839680963369232,1120,2.075070608407259
28,2.8419292016453648,2.8419292016453648,1.4724681078222726,1.7814716887121453,0.9830974792913948,1160,2.0865927524864674
29,2.8419292016453648,2.8419292016453648,1.8071923970242139,1.9126276031384737,0.6874649859368462,1200,2.077898981049657
30,2.8419292016453648,2.8419292016453648,1.8174147685473538,1.8704642127744702,0.5216999917893526,1240,2.064327646046877
31,2.8419292016453648,2.8419292016453648,1.6754256763283908,1.8084997221981087,0.6888646775848422,1280,2.0703729148954153
32,2.8419292016453648,2.8419292016453648,1.8868071656903047,2.0672163915970234,0.8184627984899132,1320,2.0496940314769745
33,2.8419292016453648,2.8419292016453648,1.746167342168389,1.9949346454549466,0.9237574557305294,1360,2.069953639060259
34,2.8419292016453648,2.8419292016453648,1.976055529170856,2.137912326013376,0.6798593889207756,1400,2.061682976782322
35,2.8419292016453648,2.8419292016453648,1.8370858936956391,2.0029611605948268,0.7632362194272141,1440,2.069616699591279
36,2.863302326313632,2.863302326313632,1.7649403406055213,2.10977663447754,0.9071643288519643,1480,2.0566903799772263
37,2.863302326313632,2.863302326313632,1.9093379920250335,2.283989389917002,0.8561564638663409,1520,2.0516445003449917
38,2.863302326313632,2.863302326313632,1.804624540042638,2.1875794426111486,0.8820703526837721,1560,2.0805674996227026
39,2.863302326313632,2.863302326313632,1.2453934078341529,1.8350406336016425,1.1485690441529175,1600,2.0577155593782663
40,2.863302326313632,2.863302326313632,1.819169864247972,2.037720594784291,0.7920580047365522,1640,2.0425966382026672
41,2.863302326313632,2.863302326313632,1.7473444900994555,2.2224108506491347,1.0903035241227697,1680,2.0757560655474663
42,2.863302326313632,2.863302326313632,1.9715167721805706,2.1523818805997306,0.8474156332006004,1720,2.0523370057344437
43,2.863302326313632,2.863302326313632,1.7290085689085124,2.1299724408704153,1.2234945980935272,1760,2.059585861861706
44,2.923308807517082,2.923308807517082,1.814500742592071,2.2390826229180507,1.2042071107097148,1800,2.0750439185649157
45,2.923308807517082,2.923308807517082,2.0019700729080183,2.278386485854169,1.0055779026015275,1840,2.062068248167634
46,2.923308807517082,2.923308807517082,2.004682923999706,2.366772097674977,1.0552546924494994,1880,2.0268103443086147
47,2.923308807517082,2.923308807517082,1.7580754702777526,2.3253796701605762,1.2626014240024264,1920,2.048768848180771
48,2.923308807517082,2.923308807517082,2.0604660064157634,2.2960775600030257,0.8253696699560683,1960,1.970621719956398
49,2.923308807517082,2.923308807517082,1.9355529943686094,2.355748283169093,1.035509880565401,2000,1.969051782041788
50,2.9330580125685772,2.9330580125685772,1.9182109327740442,2.23242855127324,0.9037682201429362,2040,1.9384968541562557
51,2.9330580125685772,2.9330580125685772,2.004650249834126,2.3849397066576126,1.1466183397573677,2080,2.03972309269011
52,2.9330580125685772,2.9330580125685772,1.925525253808009,2.2367544941589084,0.9207144565433544,2120,2.1481099762022495
53,2.9330580125685772,2.9330580125685772,2.061845168936272,2.3691311966713204,0.9486340663987467,2160,2.0739379804581404
54,2.9330580125685772,2.9330580125685772,1.9906775053723045,2.296926299026064,0.9660991801284562,2200,2.0568251479417086
55,2.9330580125685772,2.9330580125685772,2.080266152042031,2.4274933522697064,0.9809208590565012,2240,2.0682391710579395
56,2.9330580125685772,2.9330580125685772,2.1026397456254466,2.4183554674132863,0.7830409730373172,2280,2.061119956895709
57,2.9330580125685772,2.9330580125685772,2.224594161487164,2.453431134619449,0.7176549161155512,2320,2.0475012939423323
58,3.026293520541338,3.026293520541338,1.9916144813673893,2.3172844105210806,1.0321867338422863,2360,2.0559033174067736
59,3.026293520541338,3.026293520541338,2.4108731954955407,2.4944038987637858,0.5999762005405278,2400,2.0660699512809515
60,3.026293520541338,3.026293520541338,2.251680769041131,2.543842644123453,0.9335756618144103,2440,2.3117835614830256
61,3.026293520541338,3.026293520541338,2.4625979275689494,2.54344911876581,0.3192129385816987,2480,2.0796185471117496
62,3.026293520541338,3.026293520541338,2.4001327914284394,2.577416522793536,0.8018630074836167,2520,2.0763783119618893
63,3.026293520541338,3.026293520541338,2.4022413036157237,2.4957152629523938,0.44050565765285177,2560,2.015723427757621
64,3.0306626661705804,3.0306626661705804,2.256250297245665,2.6166922038317955,1.0676285661950242,2600,2.058615516871214
65,3.0306626661705804,3.0306626661705804,2.115454137101328,2.5578985636192084,1.0920022571695553,2640,2.0454506520181894
66,3.1745528784475416,3.1745528784475416,2.2671838883190403,2.4243775577554754,0.6401588600554409,2680,2.0702201556414366
67,3.1745528784475416,3.1745528784475416,2.385454189363791,2.6359390641542646,0.9071283068504932,2720,2.0744774360209703
68,3.1745528784475416,3.1745528784475416,2.364982983084814,2.514626122685711,0.6011526282657943,2760,2.070678001269698
69,3.1745528784475416,3.1745528784475416,2.3791541516770067,2.604209990544996,0.7736755735737288,2800,2.0327796433120966
70,3.1745528784475416,3.1745528784475416,2.2055675617907218,2.4941885932946146,0.9720046116530494,2840,2.052202509716153
71,3.1745528784475416,3.1745528784475416,1.9227506746016882,2.502984820562612,1.4017662705398404,2880,2.0429006703197956
72,3.1745528784475416,3.1745528784475416,2.2484544351042457,2.6238292676170785,1.1936135425960763,2920,2.06123760715127
73,3.1745528784475416,3.1745528784475416,2.016265757916046,2.5435885226365396,1.3644969735702999,2960,2.041110647842288
74,3.1745528784475416,3.1745528784475416,2.2139899281742736,2.525819096765012,1.0764143538810447,3000,2.060479138046503
75,3.1745528784475416,3.1745528784475416,1.8340858464314045,2.4044205430397865,1.3103591096632066,3040,2.0548886992037296
76,3.1745528784475416,3.1745528784475416,2.4159577146100846,2.5942333419575196,0.5938528896415924,3080,2.063149916008115
77,3.1745528784475416,3.1745528784475416,2.17709632000397,2.5542913179924165,1.1773140119727425,3120,2.1137874629348516
78,3.1745528784475416,3.1745528784475416,2.136302792707782,2.6124616913768506,1.3389172645319376,3160,2.065391482785344
79,3.1745528784475416,3.1745528784475416,2.0529768043076078,2.3906112639775063,1.0894324759204383,3200,2.0651317927986383
80,3.1745528784475416,3.1745528784475416,2.1712694325245945,2.4513814083936505,1.1231260543502217,3240,2.0758455768227577
81,3.1745528784475416,3.1745528784475416,2.089595223281792,2.2842357836550717,0.7593217045357065,3280,2.0199830923229456
82,3.1745528784475416,3.1745528784475416,1.918165875161613,2.4506247875367886,1.2745210966027094,3320,2.0279177967458963
83,3.1745528784475416,3.1745528784475416,2.363544386061393,2.5121308570813383,0.5739085336923369,3360,2.056147612631321
84,3.1745528784475416,3.1745528784475416,2.300513946892876,2.473514795423581,0.7020890145092105,3400,2.066617602482438
85,3.1745528784475416,3.1745528784475416,2.3322374962494945,2.561175901426086,0.8926080762795863,3440,2.042721150442958
86,3.1745528784475416,3.1745528784475416,1.9951949704595684,2.499854337108001,1.3142967055765078,3480,2.0605885963886976
87,3.1745528784475416,3.1745528784475416,2.195814799079551,2.515202393818738,1.2137359539933532,3520,2.6432537473738194
88,3.1745528784475416,3.1745528784475416,2.0231344480852465,2.509242365501768,1.283725810990412,3560,2.046372327953577
89,3.1862197797649516,3.1862197797649516,2.579331012769602,2.658871864586473,0.6000397492337654,3600,2.0846753735095263
90,3.1862197797649516,3.1862197797649516,2.2049308134531733,2.4802897265325763,0.8049202896680464,3640,2.0786513593047857
91,3.1862197797649516,3.1862197797649516,2.0659754160136243,2.3698064040731803,1.0494308675491204,3680,2.0778660234063864
92,3.1862197797649516,3.1862197797649516,2.1373666059241714,2.2462499041604804,0.8323107076659841,3720,2.0701633878052235
93,3.1862197797649516,3.1862197797649516,2.3503058878412735,2.496375044149598,0.6391625592239788,3760,2.079305464401841
94,3.1862197797649516,3.1862197797649516,2.202450523986743,2.526757632294196,1.2226353568604191,3800,2.0654642060399055
95,3.1862197797649516,3.1862197797649516,2.39583096191513,2.5842992043838224,0.7556762171280464,3840,2.0534167364239693
96,3.1862197797649516,3.1862197797649516,2.2805800354699066,2.554019688117578,0.9395379530775467,3880,2.055588847026229
97,3.1862197797649516,3.1862197797649516,2.513411691536862,2.6053454434166308,0.39125467416194026,3920,1.8975819889456034
98,3.1862197797649516,3.1862197797649516,2.1273803837499883,2.3245366325091403,0.8063065606432238,3960,2.001381618902087
99,3.1862197797649516,3.1862197797649516,1.9758013135970423,2.507632739637221,1.1267719889707544,4000,1.9850761089473963
100,3.1862197797649516,3.1862197797649516,2.2707487103536175,2.540517805002849,0.718450729191037,4040,2.0705853309482336
101,3.1862197797649516,3.1862197797649516,2.5438934946508427,2.5822696623710737,0.3859179828407861,4080,2.0362077578902245
102,3.1862197797649516,3.1862197797649516,2.5543301413064525,2.6753383035674463,0.4332731196544754,4120,2.057589177042246
103,3.1862197797649516,3.1862197797649516,2.6410532144437338,2.668682061689493,0.28214962215745865,4160,2.062661724165082
104,3.1862197797649516,3.1862197797649516,2.3563598992503643,2.528095527296243,0.6564322452985918,4200,2.0477798227220774
105,3.1862197797649516,3.1862197797649516,2.396094236876423,2.578073195482601,0.7106144669934145,4240,2.0590940807014704
106,3.1862197797649516,3.1862197797649516,2.4187132065178636,2.5383186870046823,0.49038257066195745,4280,2.042677441611886
107,3.1862197797649516,3.1862197797649516,2.4074171347564657,2.6111844692819592,0.676810050353125,4320,2.050112495198846
108,3.1956202112515184,3.1956202112515184,2.419429901863913,2.5376341987739743,0.642769469163611,4360,2.0400953348726034
109,3.1956202112515184,3.1956202112515184,2.3522487737891664,2.50510223866523,0.5617997763728267,4400,2.0494396686553955
110,3.1956202112515184,3.1956202112515184,2.3389380770101225,2.653739731669354,0.7685208471239605,4440,2.045483659952879
111,3.210291167542823,3.210291167542823,2.3696684632475864,2.5892403392151997,0.6881476892809422,4480,2.0524659771472216
112,3.210291167542823,3.210291167542823,2.336280329881754,2.4710361641171157,0.5145063635147343,4520,2.0562501307576895
113,3.210291167542823,3.210291167542823,2.3867286349330263,2.619560208655143,0.6260327840371964,4560,2.0715905353426933
114,3.210291167542823,3.210291167542823,2.4174875657030013,2.5963527192958105,0.6015204042520522,4600,1.9603854324668646
115,3.2327227695877108,3.2327227695877108,2.5406040168347443,2.654323590059476,0.4452247213394277,4640,2.1078964043408632
116,3.2327227695877108,3.2327227695877108,2.437926822045609,2.689554452227962,0.984310080624511,4680,2.0551756117492914
117,3.248063311160795,3.248063311160795,2.5872740216241596,2.690671636442987,0.4894468193289476,4720,2.0802765004336834
118,3.248063311160795,3.248063311160795,2.4629310240225686,2.7003325182326376,0.5759311968230361,4760,2.04615156725049
119,3.248063311160795,3.248063311160795,2.2663386405593906,2.629918929257465,0.8108486962028073,4800,2.046636065468192
120,3.248063311160795,3.248063311160795,2.4307699305506,2.737796296617323,0.8654941011725661,4840,2.0500937569886446
121,3.248063311160795,3.248063311160795,2.4543407820500702,2.7760820592559963,0.8796580154708808,4880,2.048331145197153
122,3.248063311160795,3.248063311160795,2.6022324232931444,2.7399161563885275,0.4646097637638349,4920,2.0474842954427004
123,3.248063311160795,3.248063311160795,2.545839643163555,2.7849989576422085,0.7535005589572703,4960,2.3195554204285145
124,3.248063311160795,3.248063311160795,2.47609713744241,2.649338500151934,0.6820564677188632,5000,2.3186701331287622
125,3.248063311160795,3.248063311160795,2.4688393793684824,2.671784828291244,0.549831574849486,5040,2.334884688258171
126,3.2668832064278375,3.2668832064278375,2.6093595593608474,2.720979982647035,0.5206223643960923,5080,2.4124394971877337
127,3.2668832064278375,3.2668832064278375,2.696594236039057,2.8947933883659833,0.5607107543803941,5120,2.062581889331341
128,3.2668832064278375,3.2668832064278375,2.504526585050127,2.8538415859932043,0.9030430716908686,5160,2.0483268965035677
129,3.2668832064278375,3.2668832064278375,2.7039753179823593,2.8278538891661205,0.39377214293358276,5200,2.023773968219757
130,3.2668832064278375,3.2668832064278375,2.645159718716426,2.8966727353613657,0.5605722943016412,5240,2.3164459746330976
131,3.2668832064278375,3.2668832064278375,2.7205414407731454,2.8692842361328172,0.4889389187120048,5280,2.0598253291100264
132,3.2705204897074918,3.2705204897074918,2.8102738542184467,2.864377833883706,0.2780568940729803,5320,2.068323927000165
133,3.2705204897074918,3.2705204897074918,2.554192817349958,2.7087466768037385,0.5545736144887026,5360,2.058074763044715
134,3.2705204897074918,3.2705204897074918,2.5973654069309147,2.7062705464655723,0.42356703353307534,5400,2.0936633199453354
135,3.2705204897074918,3.2705204897074918,2.581429037844269,2.656789118627229,0.5980189539024143,5440,2.0408485364168882
136,3.2705204897074918,3.2705204897074918,2.743558855153828,2.764513960241936,0.23631320255118368,5480,2.058215795084834
137,3.2705204897074918,3.2705204897074918,2.660269073752749,2.7905546726919965,0.5011166403527832,5520,2.0562429670244455
138,3.2705204897074918,3.2705204897074918,2.6161797434998784,2.781553441735121,0.6605320199454819,5560,2.218259943649173
139,3.2705204897074918,3.2705204897074918,2.5744378459842174,2.7663682415692543,0.5656326034630741,5600,2.3119233176112175
140,3.2705204897074918,3.2705204897074918,2.80482340030908,2.8610026139562206,0.25864463706941243,5640,2.286678332835436
141,3.2705204897074918,3.2705204897074918,2.601240600442738,2.7226636582336754,0.38693204374088086,5680,2.0616341903805733
142,3.2705204897074918,3.2705204897074918,2.661881783267876,2.651362863534378,0.2941835846241687,5720,2.0615875869989395
143,3.2705204897074918,3.2705204897074918,2.723173066712013,2.7796058954154783,0.3350321967000413,5760,2.0932565089315176
144,3.2705204897074918,3.2705204897074918,2.642381818943919,2.7262926324916634,0.4065995272746149,5800,2.067669663578272
145,3.2705204897074918,3.2705204897074918,2.615876466093685,2.7881733122304455,0.5960217226706505,5840,2.055950827896595
146,3.2705204897074918,3.2705204897074918,2.6667188098114045,2.7536823075938246,0.4213595355817475,5880,2.055323423817754
147,3.2705204897074918,3.2705204897074918,2.566248302063224,2.711930933145194,0.4581880943208132,5920,2.0639951452612877
148,3.2705204897074918,3.2705204897074918,2.4371718634065234,2.588732545811198,0.5665101009247092,5960,2.0648272056132555
149,3.2705204897074918,3.2705204897074918,2.552342117269165,2.649372219265114,0.5645056222998052,6000,2.0611696653068066
150,3.2705204897074918,3.2705204897074918,2.434625333725636,2.650005374734329,0.5616016571825484,6040,2.052771421149373
151,3.2705204897074918,3.2705204897074918,2.4278720624844055,2.5959412477634785,0.5782602129908968,6080,2.1401826683431864
152,3.2705204897074918,3.2705204897074918,2.4686242852695246,2.697428463253215,0.6445452949036033,6120,2.050546996295452
153,3.2705204897074918,3.2705204897074918,2.3268615066355207,2.687383446574011,0.9780420489010536,6160,2.070850560441613
154,3.2705204897074918,3.2705204897074918,2.6018621209443147,2.632356707267698,0.40859621155495035,6200,2.068551169708371
155,3.2705204897074918,3.2705204897074918,2.492917642665037,2.6392866979709915,0.6429625959614087,6240,2.2085076197981834
156,3.2705204897074918,3.2705204897074918,2.4142832252288313,2.663937377425908,0.7227948977567344,6280,2.0595474503934383
157,3.2705204897074918,3.2705204897074918,2.5468667711296136,2.813574129109784,0.7714499496318858,6320,2.0765849519521
158,3.2705204897074918,3.2705204897074918,2.4614470958700467,2.6989973808542773,0.7913445348393796,6360,2.313081979751587
159,3.2705204897074918,3.2705204897074918,2.4964542307104978,2.751646541869369,0.8801853374682358,6400,2.0717719309031963
160,3.2705204897074918,3.2705204897074918,2.519284743678051,2.679550234832521,0.6750226953907622,6440,2.200075414031744
161,3.2705204897074918,3.2705204897074918,2.4154539469314917,2.7868990513902063,0.899613823228388,6480,2.0706568118184805
162,3.2933978840284652,3.2933978840284652,2.406733011581303,2.6296711146976524,0.8663106838767569,6520,2.0770048946142197
163,3.2933978840284652,3.2933978840284652,2.324219060831831,2.6485813667978944,0.9266133038406424,6560,2.0781551748514175
164,3.2933978840284652,3.2933978840284652,2.0734374522860266,2.285505937420288,0.9312320554685045,6600,2.062537496909499
165,3.2933978840284652,3.2933978840284652,2.4377193684018144,2.669645033529557,0.7587364794844438,6640,2.052745755761862
166,3.2933978840284652,3.2933978840284652,2.1877491303802437,2.487678544410238,0.9016677245038147,6680,2.072700034826994
167,3.2933978840284652,3.2933978840284652,2.691391846822952,2.8393506617148336,0.5303142607877541,6720,2.0604617428034544
168,3.2933978840284652,3.2933978840284652,2.5894981379439614,2.690735423842408,0.4289777015927797,6760,2.0382979474961758
169,3.2933978840284652,3.2933978840284652,2.7107651925005287,2.7418212092301353,0.35796273396979494,6800,2.066031228750944
170,3.2933978840284652,3.2933978840284652,2.6682172096051247,2.800012129592342,0.5662030589361442,6840,2.0643175188452005
171,3.2933978840284652,3.2933978840284652,2.50241245598858,2.6597385639547357,0.5750853484052157,6880,2.0656007267534733
172,3.2933978840284652,3.2933978840284652,2.4457473610181717,2.7255900650246256,0.7160724043977345,6920,2.0747732426971197
173,3.2933978840284652,3.2933978840284652,2.6101992839546546,2.673461752915697,0.4310796169721625,6960,2.0722148530185223
174,3.2933978840284652,3.2933978840284652,2.6460956203450694,2.827230017202373,0.492986459751073,7000,2.0664483066648245
175,3.2933978840284652,3.2933978840284652,2.6410688836495853,2.8026015176794425,0.4538692248417354,7040,2.0603979602456093
176,3.2933978840284652,3.2933978840284652,2.6716731380146745,2.7943106188902633,0.5786094450057491,7080,2.065478714182973
177,3.399243286293183,3.399243286293183,2.6236959141950513,2.74126844117222,0.6192229644041147,7120,2.1070289369672537
178,3.399243286293183,3.399243286293183,2.7181568722736786,2.719385028841699,0.2614720968097146,7160,2.054087709635496
179,3.399243286293183,3.399243286293183,2.5746435976948456,2.756404948021059,0.6849654358429212,7200,2.0106071084737778
180,3.399243286293183,3.399243286293183,2.6787614526093675,2.785940068935382,0.4826451625676379,7240,2.045766642317176
181,3.399243286293183,3.399243286293183,2.6942890400539037,2.808649953260011,0.47682115278916154,7280,2.0754084549844265
182,3.399243286293183,3.399243286293183,2.500528298860285,2.79584438169641,0.7672853867602413,7320,2.0640695933252573
183,3.399243286293183,3.399243286293183,2.561500895405458,2.7009456200937367,0.4790727051620722,7360,2.059885496273637
184,3.4560814936597115,3.4560814936597115,2.6355065119917684,2.80660734482172,0.5407411980693985,7400,2.0614872742444277
185,3.4560814936597115,3.4560814936597115,2.5660308750203793,2.642477510226709,0.5762224910399801,7440,2.0671035442501307
186,3.4560814936597115,3.4560814936597115,2.599116368800174,2.826149199083692,0.5571873330790675,7480,2.0597375743091106
187,3.4560814936597115,3.4560814936597115,2.7544007273192017,2.926782817762625,0.6608516759380063,7520,2.0523203499615192
188,3.4560814936597115,3.4560814936597115,2.6825028241293154,2.8550346282154115,0.6755605207100603,7560,2.0760414451360703
189,3.4560814936597115,3.4560814936597115,2.6554560169763914,2.849438839977039,0.5764680483173367,7600,2.066861215978861
190,3.4560814936597115,3.4560814936597115,2.845592133908658,2.8800051446450197,0.36491987315222624,7640,1.991776004433632
191,3.4560814936597115,3.4560814936597115,2.7953794727059273,2.9173778530726553,0.43723846702801283,7680,2.0502622723579407
192,3.4560814936597115,3.4560814936597115,2.7594648255118344,2.8839792914057965,0.5578591821976349,7720,2.059436721727252
193,3.4560814936597115,3.4560814936597115,2.7657887328750044,2.902249110691838,0.48992770506140454,7760,2.0410739574581385
194,3.4560814936597115,3.4560814936597115,2.7037394409098523,2.935502759064044,0.579129834917057,7800,2.0664899721741676
195,3.4560814936597115,3.4560814936597115,2.6775551659384536,2.8422964364848644,0.5737843193782459,7840,2.0450117103755474
196,3.4560814936597115,3.4560814936597115,2.8068725784986652,2.905571374536564,0.5503292961714118,7880,2.0491356942802668
197,3.4560814936597115,3.4560814936597115,2.730152539495717,2.8305037720983552,0.4299001747025056,7920,1.9489723648875952
198,3.4995332031392223,3.4995332031392223,2.844434420523419,2.9413788176347975,0.4040098186901412,7960,2.059820393100381
199,3.4995332031392223,3.4995332031392223,2.7365186784068016,2.9725872047154414,0.60038287971761,8000,2.037585601210594
200,3.4995332031392223,3.4995332031392223,2.8405001559716956,2.8674798549940492,0.40423974357027664,8040,2.0471073389053345
201,3.4995332031392223,3.4995332031392223,2.8797995955143363,2.9597194501625994,0.3935527840565333,8080,2.0634016394615173
202,3.4995332031392223,3.4995332031392223,2.9019330200062803,3.013148739706361,0.40687733415845784,8120,2.0633610505610704
203,3.4995332031392223,3.4995332031392223,2.783446520237013,2.919402902219152,0.616736908729961,8160,2.051082419231534
204,3.5005167979479763,3.5005167979479763,2.67501968515508,2.8844441472794538,0.6620993625655104,8200,2.058657942339778
205,3.5005167979479763,3.5005167979479763,2.73619662911756,2.981411096931995,0.5826417292231122,8240,1.9831259287893772
206,3.5700818275917037,3.5700818275917037,2.841813094801549,2.913152271910592,0.47838617574165465,8280,2.1068339683115482
207,3.5700818275917037,3.5700818275917037,2.730935897099113,2.971074107970092,0.6716035699746984,8320,2.062916388735175
208,3.5700818275917037,3.5700818275917037,2.821985101492697,2.9334720224660455,0.4262225161055775,8360,2.0717595852911472
209,3.5700818275917037,3.5700818275917037,2.70679772364957,2.9360990418237374,0.6379432124103905,8400,2.057445604354143
210,3.5700818275917037,3.5700818275917037,2.616357453584546,2.9880013606066145,0.8913013545176508,8440,2.0673954095691442
211,3.5700818275917037,3.5700818275917037,2.7378253171763642,2.98475067629081,0.6717486083617211,8480,2.070915523916483
212,3.5700818275917037,3.5700818275917037,2.6540493792615782,2.915837906322821,0.656843818545751,8520,2.0381745994091034
213,3.5700818275917037,3.5700818275917037,2.6811420543206816,2.9075500911634418,0.6809200027420972,8560,2.3071866389364004
214,3.5700818275917037,3.5700818275917037,2.72096849336823,2.9378088449506796,0.6928164713834342,8600,2.047278940677643
215,3.5700818275917037,3.5700818275917037,2.6162863756396733,2.8089454372290525,0.7208999818201733,8640,2.0370966512709856
216,3.5700818275917037,3.5700818275917037,2.617715050739116,2.7700745394016573,0.5798705986590912,8680,2.067125763744116
217,3.5700818275917037,3.5700818275917037,2.600818674739479,2.872303429966236,0.7488665351878884,8720,2.060872796922922
218,3.5700818275917037,3.5700818275917037,2.8725108038132645,2.9148227071392507,0.4120656605424055,8760,2.0397836584597826
219,3.5700818275917037,3.5700818275917037,2.7171100299797835,2.8872015356778764,0.7027462381446031,8800,2.0550187081098557
220,3.5700818275917037,3.5700818275917037,2.8173176430754103,2.8705498294941147,0.4072146132829064,8840,2.0628564562648535
221,3.5700818275917037,3.5700818275917037,2.6434077681268455,2.866697896164431,0.8555494295037652,8880,2.0932741947472095
222,3.5700818275917037,3.5700818275917037,2.685110038454307,2.849636294062888,0.5179405032370158,8920,2.034245101734996
223,3.5700818275917037,3.5700818275917037,2.552346978117643,2.660110775000808,0.6765019184958811,8960,2.0465699788182974
224,3.5700818275917037,3.5700818275917037,2.6501887578444316,2.909688886432938,0.7203055796758729,9000,2.039936561137438
225,3.5700818275917037,3.5700818275917037,2.659877565575047,2.8117020207903543,0.6992725616756891,9040,2.0448698196560144
226,3.5700818275917037,3.5700818275917037,2.6036448898125193,2.813130691852906,0.8171016687812139,9080,2.320342281833291
227,3.5700818275917037,3.5700818275917037,2.811565870217109,2.9088557370693318,0.5707953780261308,9120,2.305577762424946
228,3.5700818275917037,3.5700818275917037,2.5803653744901,2.8689466009038247,0.8603766699071635,9160,2.060714617371559
229,3.5700818275917037,3.5700818275917037,2.488075220834433,2.785368798877763,0.8793791202434881,9200,2.058877944946289
230,3.5700818275917037,3.5700818275917037,2.7642291269952226,3.002658389637885,0.8351247676491047,9240,2.0481447391211987
231,3.5700818275917037,3.5700818275917037,2.9135540381201768,3.094051082207566,0.7383988971563763,9280,2.047063447535038
232,3.5700818275917037,3.5700818275917037,2.707085718395047,2.976493396648422,0.8528397609521612,9320,2.0636735688894987
233,3.5700818275917037,3.5700818275917037,2.8475044868407595,2.9062844514509614,0.415058878504771,9360,2.1347926147282124
234,3.5700818275917037,3.5700818275917037,2.7747201871059772,2.89853905581794,0.6174699424451615,9400,2.041831571608782
235,3.5700818275917037,3.5700818275917037,2.9315281915812603,2.9888287790706856,0.3695192836799766,9440,1.9941643737256527
236,3.5700818275917037,3.5700818275917037,2.802674193802917,2.8514830727256455,0.4585090703207605,9480,2.079282373189926
237,3.5700818275917037,3.5700818275917037,2.906004366796375,3.0290475538654946,0.4101761592996263,9520,2.046756559982896
238,3.5700818275917037,3.5700818275917037,2.7350137460522363,2.8795327962029633,0.5813519574046121,9560,2.0518856588751078
239,3.5700818275917037,3.5700818275917037,2.670174831493733,3.0203503712581474,1.0769704751202671,9600,2.0520862117409706
240,3.5700818275917037,3.5700818275917037,2.9212115179008378,3.023007260120048,0.43708045830069314,9640,2.176799213513732
241,3.5700818275917037,3.5700818275917037,2.8143193429434286,2.9896336372821186,0.5408358140612206,9680,2.0522120650857687
242,3.5700818275917037,3.5700818275917037,2.9808755262280373,3.0888334933230293,0.35914696147360053,9720,2.0543423015624285
243,3.5700818275917037,3.5700818275917037,2.9647541715881585,3.070997612677158,0.4231806432106438,9760,2.073563748970628
244,3.5700818275917037,3.5700818275917037,2.787541190275765,2.943650525769088,0.53929393845744,9800,2.0519923511892557
245,3.5700818275917037,3.5700818275917037,2.8452478441197657,2.8604120477221335,0.4092745910891965,9840,2.0473086778074503
246,3.5700818275917037,3.5700818275917037,2.937073102468618,3.104929293770681,0.44525449816270024,9880,2.0453515704721212
247,3.5700818275917037,3.5700818275917037,2.7043275727928715,2.9796167029044547,0.8558855817794259,9920,2.05892239138484
248,3.5700818275917037,3.5700818275917037,2.7412831467262424,2.977607847773351,0.7776589975736294,9960,2.0390495751053095
249,3.5700818275917037,3.5700818275917037,2.741439613386212,2.851408785228204,0.5662850502377942,10000,2.0484446100890636
250,3.5700818275917037,3.5700818275917037,2.7550189561494265,2.9045467056417538,0.6089958802270616,10040,2.0414047352969646
251,3.5700818275917037,3.5700818275917037,2.5440165081952593,2.84479735653271,1.0431920115722668,10080,2.0587466340512037
252,3.5700818275917037,3.5700818275917037,2.6740049282143215,2.9025995366787383,0.7588035171089799,10120,2.0496774427592754
253,3.5700818275917037,3.5700818275917037,2.601542375545874,2.824354336438896,0.6811931101370728,10160,2.0375671479851007
254,3.5700818275917037,3.5700818275917037,2.6547722478274194,2.833115941868419,0.7599822050579631,10200,2.314593268558383
255,3.5700818275917037,3.5700818275917037,2.9111021457780666,2.876854728906626,0.31289970147457613,10240,2.051665484905243
256,3.5700818275917037,3.5700818275917037,2.8224354646365715,2.867430552857009,0.5171025462956035,10280,2.033874398097396
257,3.5700818275917037,3.5700818275917037,2.684908660489589,2.908402675789559,0.7815271505180446,10320,2.04586716927588
258,3.5700818275917037,3.5700818275917037,2.473665840191282,2.6837959146946258,0.8955087689924432,10360,2.0238887816667557
259,3.5700818275917037,3.5700818275917037,2.5175778411171468,2.852458563878626,0.8455113244943916,10400,2.046042826026678
260,3.5700818275917037,3.5700818275917037,2.7059889733759137,3.0037610185151817,0.8160555227686991,10440,2.0375415924936533
261,3.5700818275917037,3.5700818275917037,2.4729929685593826,2.8017623413859436,0.9222889204163022,10480,2.078146679326892
262,3.5700818275917037,3.5700818275917037,2.615123956302624,2.97571242151141,0.8535978985079622,10520,2.0516077168285847
263,3.5700818275917037,3.5700818275917037,2.7040008518423613,2.940125615173309,0.7441848760220341,10560,2.054561683908105
264,3.5700818275917037,3.5700818275917037,2.6494017063689794,2.8396804017392374,0.676717449164122,10600,2.055264735594392
265,3.5700818275917037,3.5700818275917037,2.7092729644533535,2.790645007773421,0.6428825383914206,10640,2.038866523653269
266,3.5700818275917037,3.5700818275917037,2.6820663030258842,2.8935077516746976,0.7760936870967792,10680,2.0562038216739893
267,3.5700818275917037,3.5700818275917037,2.661256119334513,3.023573409515656,0.9180624561557098,10720,2.0512592121958733
268,3.5700818275917037,3.5700818275917037,2.819346921994049,2.9011530905135716,0.5267591644786169,10760,2.261345883831382
269,3.5700818275917037,3.5700818275917037,2.5735325829349325,2.7286425410937696,0.788250753218776,10800,2.061238668859005
270,3.5700818275917037,3.5700818275917037,2.774167480430962,2.932671699252166,0.557289113430332,10840,2.0521391183137894
271,3.5700818275917037,3.5700818275917037,2.757580145947274,2.9198403685909513,0.5960263066882534,10880,2.070400755852461
272,3.5700818275917037,3.5700818275917037,2.7956630067848995,2.9290013307149496,0.5263749547778241,10920,2.035041196271777
273,3.5700818275917037,3.5700818275917037,2.785921780245737,2.8925617956861465,0.43335607909721424,10960,2.0514358524233103
274,3.5700818275917037,3.5700818275917037,2.708111073948407,2.870732096950111,0.5557780542254167,11000,2.048750748857856
275,3.5700818275917037,3.5700818275917037,2.6720306268568317,2.840161070136819,0.5573011661654275,11040,2.3105246406048536
276,3.5700818275917037,3.5700818275917037,2.5387248787265064,2.8356941705614838,0.8729187941951334,11080,2.308710977435112
277,3.5700818275917037,3.5700818275917037,2.6732981711681756,2.834170779699165,0.5698992143197337,11120,2.1398562025278807
278,3.5700818275917037,3.5700818275917037,2.6635568358589894,2.808381988604583,0.5751352912852309,11160,2.0647198632359505
279,3.5700818275917037,3.5700818275917037,2.8661657930021227,3.021045145441648,0.6355288276239561,11200,2.0547301210463047
280,3.5700818275917037,3.5700818275917037,2.760563539957674,2.8656103466279843,0.5504569311175403,11240,2.0497839525341988
281,3.5700818275917037,3.5700818275917037,2.7020098876759873,2.8347051804675734,0.579403821707188,11280,2.0703271105885506
282,3.6527835069598202,3.6527835069598202,2.6837934514196307,2.8707199700126957,0.7632072796269475,11320,2.064489835873246
283,3.6527835069598202,3.6527835069598202,2.659641374791227,2.8540616821432363,0.7316567555480662,11360,2.029889278113842
284,3.6527835069598202,3.6527835069598202,2.415605111721652,2.8863635717908442,1.0142894288494841,11400,2.056569643318653
285,3.6527835069598202,3.6527835069598202,2.4435193745592407,2.6095656641777363,0.7773558604578429,11440,2.0594722758978605
286,3.6527835069598202,3.6527835069598202,2.7885091497822585,2.8591094342553416,0.5437570081532823,11480,1.9261347874999046
287,3.6527835069598202,3.6527835069598202,2.6398703756129565,2.9595198865624366,0.8807237944100392,11520,2.0294669400900602
288,3.6527835069598202,3.6527835069598202,2.6799279564561553,2.81959522484686,0.48450806722941847,11560,2.0676252767443657
289,3.6527835069598202,3.6527835069598202,2.7355732685521468,2.8729674687054745,0.565129532368875,11600,2.0530437733978033
290,3.6527835069598202,3.6527835069598202,2.352887191116222,2.74147307800664,0.9611206784953918,11640,2.0617313124239445
291,3.6527835069598202,3.6527835069598202,2.620073347645757,2.8630196528526177,0.900133462232085,11680,2.065521849319339
292,3.6527835069598202,3.6527835069598202,2.55639517755429,2.8059603848025785,0.7454859112134492,11720,2.0625691637396812
293,3.6527835069598202,3.6527835069598202,2.6933156060900005,2.81510959812135,0.6579909360398889,11760,2.0425515957176685
294,3.6527835069598202,3.6527835069598202,2.9534724858080823,2.9820523079136274,0.3580657093704406,11800,2.0570069067180157
295,3.6527835069598202,3.6527835069598202,2.2966881350679005,2.8108346956092274,1.3270622577115414,11840,2.0631432812660933
296,3.6527835069598202,3.6527835069598202,2.7108032693108077,2.8941344872884316,0.7499211100576948,11880,2.0691509190946817
297,3.6527835069598202,3.6527835069598202,2.7893141356502076,2.924912314059746,0.5519230624956404,11920,2.093756541609764
298,3.6527835069598202,3.6527835069598202,2.8133208870469444,3.005837991800106,0.718111066628578,11960,2.049212431535125
299,3.6527835069598202,3.6527835069598202,2.655413859725773,2.9074877066313496,0.7924764855546865,12000,2.0535823982208967
300,3.6527835069598202,3.6527835069598202,2.7176710804340436,2.905475785290566,0.6839472380476246,12040,2.0634347070008516
301,3.6527835069598202,3.6527835069598202,2.855975340567815,3.0008598935217656,0.4926047102160417,12080,2.058847952634096
302,3.6527835069598202,3.6527835069598202,2.8325153944768537,2.8859358724649833,0.4927903235561197,12120,1.8207127749919891
303,3.6527835069598202,3.6527835069598202,2.789957834545986,2.924514647740862,0.6373670886485233,12160,2.001477839425206
304,3.6527835069598202,3.6527835069598202,2.772996982160366,2.8656830044828787,0.5028162947838699,12200,1.980115544050932
305,3.6527835069598202,3.6527835069598202,2.7139826088730756,2.8111744184397196,0.48987922721250765,12240,2.2046580482274294
306,3.6527835069598202,3.6527835069598202,2.5621108073379344,2.84939262844027,0.7966174021070932,12280,1.963275209069252
307,3.6527835069598202,3.6527835069598202,2.546019101236631,2.8189220950241074,0.9129058148702257,12320,1.9947902709245682
308,3.6527835069598202,3.6527835069598202,2.668676769180263,2.733738096879849,0.4658586952931923,12360,1.962551448494196
309,3.6527835069598202,3.6527835069598202,2.69245276321936,2.8356633041322827,0.475045067043821,12400,2.203778063878417
310,3.6527835069598202,3.6527835069598202,2.6060495011673432,2.860903348342336,0.8463470803871981,12440,2.0072209648787975
311,3.6527835069598202,3.6527835069598202,2.366391462195584,2.6600196691504894,0.9017232097195944,12480,2.3439020104706287
312,3.6527835069598202,3.6527835069598202,2.5755861526216535,2.7416739877279688,0.7301408759024153,12520,1.97474430128932
313,3.6527835069598202,3.6527835069598202,2.5175817637705586,2.6021419440237854,0.6433501603011739,12560,2.0588191002607346
314,3.6527835069598202,3.6527835069598202,2.5775179291952455,2.822191677277335,0.6759377744921007,12600,2.000186713412404
315,3.6527835069598202,3.6527835069598202,2.4494617080555643,2.596919408586084,0.813789258003742,12640,1.9254728630185127
316,3.6527835069598202,3.6527835069598202,2.616021339286605,2.8742896825360806,0.7966999197868961,12680,2.0691348426043987
317,3.6527835069598202,3.6527835069598202,2.72581166087243,2.805455053164971,0.43124352781719694,12720,2.077627256512642
318,3.6527835069598202,3.6527835069598202,2.844393312286742,2.923233161880686,0.4074330029664806,12760,2.2379836943000555
319,3.6527835069598202,3.6527835069598202,2.5759175847789635,2.883905534836307,0.9738838359595295,12800,2.0814218651503325
320,3.6527835069598202,3.6527835069598202,2.1924883847656873,2.232444629769687,0.9595697365951401,12840,2.083427147939801
321,3.6527835069598202,3.6527835069598202,2.596351476915641,2.7519879881298084,0.6040933286298363,12880,2.073906622827053
322,3.6527835069598202,3.6527835069598202,2.624455494350737,2.787377797614478,0.7361728482533911,12920,2.054031243547797
323,3.6527835069598202,3.6527835069598202,2.2924054637307143,2.773663879699413,1.1694226192031705,12960,2.04574741050601
324,3.6527835069598202,3.6527835069598202,2.649294704901839,2.8290551442312037,0.8223905635981223,13000,2.050455905497074
325,3.6527835069598202,3.6527835069598202,2.661547193063991,2.8898735703815994,0.7224738093654425,13040,2.063726294785738
326,3.6527835069598202,3.6527835069598202,2.56452099499262,2.6922073099099233,0.673015713515469,13080,2.0754539221525192
327,3.6527835069598202,3.6527835069598202,2.6390667630689952,2.90840111947932,0.7275706437566908,13120,2.0409196093678474
328,3.6527835069598202,3.6527835069598202,2.779302977175534,2.7829770251748753,0.40020341439637386,13160,2.1137518268078566
329,3.6527835069598202,3.6527835069598202,2.7889563150633117,2.8508921606675086,0.429851762155763,13200,2.0725042521953583
330,3.6527835069598202,3.6527835069598202,2.487281117534198,2.7454626067637893,0.8673586955036521,13240,2.073175063356757
331,3.6527835069598202,3.6527835069598202,2.671995060741339,2.764539022168013,0.6216951321802868,13280,2.055902387946844
332,3.6527835069598202,3.6527835069598202,2.2744855615648376,2.7280830436064845,1.2159818180572457,13320,2.0673081669956446
333,3.6527835069598202,3.6527835069598202,2.5612783333694855,2.7791958340370777,0.8104595864932569,13360,2.0653050038963556
334,3.6527835069598202,3.6527835069598202,2.5738810726284678,2.796976095869635,0.8815183778626492,13400,2.060696307569742
335,3.6527835069598202,3.6527835069598202,2.5475159925663906,2.606561173604284,0.63177595193492,13440,2.0780246257781982
336,3.6527835069598202,3.6527835069598202,2.419877882738536,2.6252349367502017,0.7472429043560799,13480,2.042940316721797
337,3.6527835069598202,3.6527835069598202,2.7641379462570486,2.8009741415466047,0.5223593167449231,13520,2.0546709150075912
338,3.6527835069598202,3.6527835069598202,2.6540727590341016,2.8162875099832556,0.5372549096841497,13560,2.056120363995433
339,3.6527835069598202,3.6527835069598202,2.5517299220769614,2.783434310289507,0.7532556974117922,13600,2.109851472079754
340,3.6527835069598202,3.6527835069598202,2.3926205237320275,2.6009505107228543,0.8595158011658076,13640,2.0612022913992405
341,3.6527835069598202,3.6527835069598202,2.563092005291197,2.612552527476256,0.41510046583463156,13680,2.064098419621587
342,3.6527835069598202,3.6527835069598202,2.654922363373995,2.7550966204836356,0.49553648110962245,13720,2.0589750837534666
343,3.6527835069598202,3.6527835069598202,2.5022690517887045,2.7291850875523638,0.6650573925142911,13760,2.0527453515678644
344,3.6527835069598202,3.6527835069598202,2.3870674728420647,2.639734883026694,0.7316460293064199,13800,2.112037567421794
345,3.6527835069598202,3.6527835069598202,2.6842283856703615,2.773285806258399,0.4745045372847983,13840,2.0677870362997055
346,3.6527835069598202,3.6527835069598202,2.66065389516974,2.821466072400165,0.593767411954809,13880,2.059453273192048
347,3.6527835069598202,3.6527835069598202,2.689209917506348,2.8613407732637195,0.5733189351389809,13920,2.055538449436426
348,3.6527835069598202,3.6527835069598202,2.353123687542872,2.5129519408712686,0.817231129588275,13960,1.9454381875693798
349,3.6527835069598202,3.6527835069598202,2.5711176545382415,2.763923023984068,0.6975044395832521,14000,1.9556946940720081
350,3.6527835069598202,3.6527835069598202,2.3116276672505416,2.508721081486049,0.8617696565620581,14040,2.044872647151351
351,3.6527835069598202,3.6527835069598202,2.2715994984692265,2.7298144714419066,1.0747270879841404,14080,1.9974697846919298
352,3.6527835069598202,3.6527835069598202,2.4096238829507626,2.7939731706016637,1.0024133276685996,14120,2.0907438173890114
353,3.6527835069598202,3.6527835069598202,2.6331143887981527,2.9108257166356344,0.908790998141512,14160,2.032536096870899
354,3.6527835069598202,3.6527835069598202,2.4743611011347815,2.8294475146446687,0.9306171129011764,14200,2.054838966578245
355,3.6527835069598202,3.6527835069598202,2.5056191953636833,2.762661625404571,0.8236295307013027,14240,2.0497907251119614
356,3.6527835069598202,3.6527835069598202,2.618512272573682,2.8091907616205627,0.685270274651978,14280,2.0518551524728537
357,3.6527835069598202,3.6527835069598202,2.502832672325136,2.7597618372469928,0.906611092379074,14320,2.0456415340304375
358,3.6527835069598202,3.6527835069598202,2.6208569770440664,2.906939672303756,0.914324846049746,14360,2.0404602121561766
359,3.6527835069598202,3.6527835069598202,2.5724362215499608,2.7538801412214275,0.7830254766222267,14400,2.066224066540599
360,3.6527835069598202,3.6527835069598202,2.392815656776338,2.6358365340761214,0.8642720780072537,14440,2.070425530895591
361,3.6527835069598202,3.6527835069598202,2.6221389600932667,2.8733264843729804,0.6909760130640502,14480,2.0556685626506805
362,3.6527835069598202,3.6527835069598202,2.628698073364834,2.8715199817347528,0.8519029937601812,14520,2.066588468849659
363,3.6527835069598202,3.6527835069598202,2.657238226512541,2.930328188230156,0.7967846193013574,14560,2.024092508479953
364,3.6527835069598202,3.6527835069598202,2.764353006823014,2.990350188696896,0.7257763341242018,14600,2.058267103508115
365,3.6527835069598202,3.6527835069598202,2.5105794924445615,2.8189504049861793,0.7643477049323525,14640,2.037657890468836
366,3.6527835069598202,3.6527835069598202,2.5017512437713463,2.8648205819226327,0.9947258879440082,14680,2.0706956684589386
367,3.6527835069598202,3.6527835069598202,2.6228718501551262,2.8846247157590357,0.9776645664378316,14720,2.0650286749005318
368,3.6527835069598202,3.6527835069598202,2.1667479044688376,2.6964370465803946,1.2055397995195407,14760,2.069278670474887
369,3.6527835069598202,3.6527835069598202,2.5089772387230678,2.791854309344655,0.8304375023056328,14800,2.1118049770593643
370,3.6527835069598202,3.6527835069598202,2.678006634142554,2.7741948180148346,0.6263591333371994,14840,2.0734404046088457
371,3.6527835069598202,3.6527835069598202,2.4363883871756777,2.8269102317611345,0.9902703299595138,14880,2.048981264233589
372,3.6527835069598202,3.6527835069598202,2.5135014750414046,2.738746520446715,0.767920445359028,14920,2.067172508686781
373,3.6527835069598202,3.6527835069598202,2.4892248818758884,2.764290251963409,0.7978624883256515,14960,2.0767601132392883
374,3.6527835069598202,3.6527835069598202,2.32737065214251,2.501341144399849,1.0052994919843197,15000,2.09135446511209
375,3.6527835069598202,3.6527835069598202,2.577579085047865,2.8516165622682803,0.7294226234546272,15040,1.9490721430629492
376,3.6527835069598202,3.6527835069598202,2.6009255821940997,2.7953944332874516,0.6393571461506525,15080,2.0378385335206985
377,3.6527835069598202,3.6527835069598202,2.5842612954683046,2.7941275723400754,0.784156179575389,15120,2.068958291783929
378,3.6527835069598202,3.6527835069598202,2.320943717061516,2.6092742868791565,1.0319708594769552,15160,2.0541902109980583
379,3.6527835069598202,3.6527835069598202,2.3899080323646613,2.6937059703884687,0.9101842696897442,15200,3.0601137317717075
380,3.6527835069598202,3.6527835069598202,2.4161372466792757,2.775807225341793,1.013140401151558,15240,2.0637470111250877
381,3.6527835069598202,3.6527835069598202,2.333171382124344,2.74711445572436,1.0679282710916784,15280,2.022047448903322
382,3.6527835069598202,3.6527835069598202,2.5352221435893,2.797201282574404,0.867611551113716,15320,2.059508938342333
383,3.6527835069598202,3.6527835069598202,2.6376792559528885,2.800503795283943,0.6731417064289049,15360,2.0638462118804455
384,3.6527835069598202,3.6527835069598202,2.566427168769507,2.782338102860323,0.7638094395117635,15400,2.0696174520999193
385,3.6527835069598202,3.6527835069598202,2.552348914221692,2.767454889836645,0.7636142927976871,15440,2.065331345424056
386,3.6527835069598202,3.6527835069598202,2.604982589062004,2.7579237184258365,0.6733161034295467,15480,2.054211389273405
387,3.6527835069598202,3.6527835069598202,2.3743775291378015,2.7409572865047145,1.0823004320162404,15520,2.041442943736911
388,3.6527835069598202,3.6527835069598202,2.323206852235095,2.7555196978260725,1.1336081395244793,15560,2.05987704731524
389,3.6527835069598202,3.6527835069598202,2.5467159783124957,2.7743041125226213,0.7137033059920166,15600,2.046866439282894
390,3.6527835069598202,3.6527835069598202,2.780870398230595,2.9228574640069485,0.6580341892874862,15640,2.0397533793002367
391,3.6527835069598202,3.6527835069598202,2.786933076965121,2.9256437357011578,0.6001229897308149,15680,2.0565950702875853
392,3.6527835069598202,3.6527835069598202,2.684593368099981,2.9480892037564104,0.7735238715341175,15720,2.0366718117147684
393,3.6527835069598202,3.6527835069598202,2.7707907869872406,2.877273411087222,0.49719098401958883,15760,2.0320376995950937
394,3.6527835069598202,3.6527835069598202,2.4347945806073277,2.723368524059081,0.8413858013062391,15800,2.0701223853975534
395,3.6527835069598202,3.6527835069598202,2.555469387195869,2.8774258131909054,0.7561084319200887,15840,2.063232209533453
396,3.6527835069598202,3.6527835069598202,2.3526003867674357,2.7714778770147848,1.2308067745483782,15880,2.0668987035751343
397,3.6527835069598202,3.6527835069598202,2.6005671559310093,2.8179527271513245,0.8414399082669186,15920,2.061376743018627
398,3.6527835069598202,3.6527835069598202,2.4202989055672743,2.765601748663817,0.9679383051576398,15960,2.0758357625454664
399,3.6527835069598202,3.6527835069598202,2.710529186364776,2.7880373307466404,0.6644547942776345,16000,2.0751292668282986
400,3.6527835069598202,3.6527835069598202,2.8456730256411022,2.900391548777137,0.5913116847291903,16040,2.0703389197587967
401,3.6527835069598202,3.6527835069598202,2.624353141132868,2.7452806956160662,0.7371522438130459,16080,2.0704346299171448
402,3.6527835069598202,3.6527835069598202,2.2585854305382336,2.7651816833185325,1.1259812251217354,16120,2.0367162209004164
403,3.6527835069598202,3.6527835069598202,2.2853006471001542,2.7090498310196485,1.155303641597725,16160,2.058330535888672
404,3.6527835069598202,3.6527835069598202,2.746074882141124,2.9274978075596065,0.7890298617080431,16200,2.0702585875988007
405,3.6527835069598202,3.6527835069598202,2.625640180144205,2.8997027674250258,0.8562838046213168,16240,2.086011802777648
406,3.6527835069598202,3.6527835069598202,2.4912508259758024,2.7949812016810864,0.9632951700999305,16280,2.0732803717255592
407,3.6527835069598202,3.6527835069598202,2.683010350310383,2.872507236872653,0.7314373481636505,16320,2.070124413818121
408,3.6527835069598202,3.6527835069598202,2.5391733596338937,2.815401194830726,0.9660138117550342,16360,2.1286551002413034
409,3.6527835069598202,3.6527835069598202,2.6468349500214847,2.721234795154956,0.48116146003382615,16400,2.0689647272229195
410,3.6527835069598202,3.6527835069598202,2.764603492834784,2.9665496407730667,0.5599721636152041,16440,2.070243287831545
411,3.6527835069598202,3.6527835069598202,2.6852693212035312,2.7722841264440157,0.5471773851711149,16480,2.0884984005242586
412,3.6527835069598202,3.6527835069598202,2.471818911530876,2.6419353416709255,0.6421154152640117,16520,2.0033550392836332
413,3.6527835069598202,3.6527835069598202,2.493693227951154,2.662551365890467,0.7537354908343524,16560,1.931884104385972
414,3.6527835069598202,3.6527835069598202,2.667068940753147,2.730461269660227,0.465294762891817,16600,2.0486372243613005
415,3.6527835069598202,3.6527835069598202,2.6276393269799296,2.812722855119024,0.678505559979246,16640,2.0691490154713392
416,3.6527835069598202,3.6527835069598202,2.558577692631017,2.75265515497509,0.7931588689902523,16680,2.05831497348845
417,3.6527835069598202,3.6527835069598202,2.5223334022191053,2.7382188558309637,0.8183820547968987,16720,2.0808805730193853
418,3.6527835069598202,3.6527835069598202,2.5295943699280805,2.726069429024559,0.7614423213552243,16760,2.042868034914136
419,3.6527835069598202,3.6527835069598202,2.6197139897473005,2.8225009508269614,0.7187159727213386,16800,2.064571976661682
420,3.6527835069598202,3.6527835069598202,2.5599478586745836,2.6102863496212363,0.7168791494310118,16840,2.0558399446308613
421,3.6527835069598202,3.6527835069598202,2.4283043089691057,2.656946650250454,0.9129287369994947,16880,2.0819563940167427
422,3.6527835069598202,3.6527835069598202,2.7023604213803867,2.828286812436944,0.6715469998319943,16920,2.0780759155750275
423,3.6527835069598202,3.6527835069598202,2.7381045744631574,2.917204423173598,0.6543234826166893,16960,2.045804049819708
424,3.6527835069598202,3.6527835069598202,2.5350559779155595,2.794841351693163,0.93443722068175,17000,2.058990877121687
425,3.6527835069598202,3.6527835069598202,2.608766546358459,2.858231752312973,0.8721286087507979,17040,2.05384973436594
426,3.6527835069598202,3.6527835069598202,2.6310767640726294,2.7904415870166646,0.7376229037384443,17080,2.059009049087763
427,3.6527835069598202,3.6527835069598202,2.4221638560312924,2.8042307698820417,1.1171647726149954,17120,2.05497245490551
428,3.6527835069598202,3.6527835069598202,2.6144748071088424,2.881846534139192,0.7547130860293424,17160,1.937559636309743
429,3.6527835069598202,3.6527835069598202,2.6269092009585693,2.9018234471057225,0.9146333868258542,17200,2.050247561186552
430,3.6527835069598202,3.6527835069598202,2.751650502878385,2.962611458274573,0.8078750204461221,17240,2.0701232943683863
431,3.6527835069598202,3.6527835069598202,2.894859322495853,3.0243091898168086,0.49472568581309967,17280,2.0614751521497965
432,3.6527835069598202,3.6527835069598202,2.621172070938478,2.7478210310179847,0.5126814259553619,17320,2.0392475556582212
433,3.6527835069598202,3.6527835069598202,2.706132867361789,2.9023197913491274,0.6031976230873863,17360,2.0402241088449955
434,3.6527835069598202,3.6527835069598202,2.379917050072007,2.8083896498411374,1.0106373742817834,17400,2.041293166577816
435,3.6527835069598202,3.6527835069598202,2.730142713986681,2.89872817037982,0.4846638232611794,17440,2.3129300735890865
436,3.6527835069598202,3.6527835069598202,2.5404155689860044,2.5902546090234946,0.5704965233332091,17480,1.9874134082347155
437,3.6527835069598202,3.6527835069598202,2.748490371390102,2.9425006134622222,0.761571938493026,17520,2.052459802478552
438,3.6527835069598202,3.6527835069598202,2.627175182081743,2.8142764148567467,0.6496175650818827,17560,2.0559650603681803
439,3.6527835069598202,3.6527835069598202,2.7161179543634097,2.876125024791901,0.6410198118562958,17600,2.0576351322233677
440,3.6527835069598202,3.6527835069598202,2.5541442176097204,2.604803295736144,0.6359097198979149,17640,2.0791021678596735
441,3.6527835069598202,3.6527835069598202,2.5450452797159424,2.723077697776335,0.7444246020559367,17680,2.0856370981782675
442,3.6527835069598202,3.6527835069598202,2.6667155906453375,2.8936572821580344,0.7523878396967653,17720,2.049511233344674
443,3.6527835069598202,3.6527835069598202,2.6353522360240356,2.8427193239332325,0.7158646829599987,17760,2.047371007502079
444,3.6527835069598202,3.6527835069598202,2.610929818795398,2.8505827410465887,0.787087310887039,17800,1.993956632912159
445,3.6527835069598202,3.6527835069598202,2.5602100546344504,2.811847951138816,0.7534035504063591,17840,2.053142761811614
446,3.6527835069598202,3.6527835069598202,2.748554988457376,2.8031324309652215,0.43485489923508547,17880,2.060172760859132
447,3.6527835069598202,3.6527835069598202,2.7891323228345115,2.9008735718002487,0.36420080772981284,17920,2.039376115426421
448,3.6527835069598202,3.6527835069598202,2.8124947528448354,2.9308726733426536,0.5722821843036795,17960,2.04840599372983
449,3.6527835069598202,3.6527835069598202,2.623656077385281,2.8288551675974762,0.6467153897473669,18000,2.3005937188863754
450,3.6527835069598202,3.6527835069598202,2.814879473195868,2.8871372828599293,0.3822341735592591,18040,2.068540310487151
451,3.6527835069598202,3.6527835069598202,2.773945079224799,2.9923194819387966,0.5947968220307541,18080,2.0728145744651556
452,3.6527835069598202,3.6527835069598202,2.683910221509237,2.8038849680887585,0.5694430233274995,18120,2.0716164652258158
453,3.6527835069598202,3.6527835069598202,2.6393093352465096,2.919755241066783,0.7851129510903551,18160,2.0533755775541067
454,3.6527835069598202,3.6527835069598202,2.8968040254982848,2.9747988108841676,0.6511894737303024,18200,2.0600522868335247
455,3.6527835069598202,3.6527835069598202,2.579233448988451,2.719470251179828,0.7200166837909715,18240,2.0495353173464537
456,3.6527835069598202,3.6527835069598202,2.898777492882138,2.9926449472744823,0.4376667418545216,18280,2.0539831779897213
457,3.6527835069598202,3.6527835069598202,2.671432363852806,2.9796734683096995,0.8309670434419213,18320,2.0786109920591116
458,3.6527835069598202,3.6527835069598202,2.6910834586647314,2.8461617515609574,0.6277931033658449,18360,2.055329816415906
459,3.6527835069598202,3.6527835069598202,2.6365827861526117,2.7814713408117977,0.7301409971952045,18400,2.0590829867869616
460,3.6527835069598202,3.6527835069598202,2.69642946615276,2.851003197251417,0.5617022071054065,18440,2.0623546335846186
461,3.6527835069598202,3.6527835069598202,2.6546486497377737,2.884061023113912,0.7708161875696099,18480,2.042785504832864
462,3.6527835069598202,3.6527835069598202,2.4030087808137166,2.8036890544048196,0.9450854865338276,18520,2.048295257613063
463,3.6527835069598202,3.6527835069598202,2.3063173281160023,2.5262835624511166,0.978622151333449,18560,1.9856221992522478
464,3.6527835069598202,3.6527835069598202,2.6436608602336795,2.8267276314843435,0.6739243438589946,18600,1.9982977882027626
465,3.6527835069598202,3.6527835069598202,2.6523795458320576,2.8054379263663405,0.601629986782677,18640,2.053534220904112
466,3.6527835069598202,3.6527835069598202,2.789975951606835,2.955299344603854,0.5367743197996248,18680,2.066424060612917
467,3.6527835069598202,3.6527835069598202,2.6955429844557774,2.9129541274095274,0.7613347109057792,18720,1.9543674997985363
468,3.6527835069598202,3.6527835069598202,2.7150089128924946,2.8667496606288747,0.583023426857538,18760,2.074835428968072
469,3.6527835069598202,3.6527835069598202,2.6754361320071047,2.807514970397382,0.4910937803647574,18800,2.0566603168845177
470,3.6527835069598202,3.6527835069598202,2.644834234918583,2.880282089332564,0.6492528534456288,18840,2.088510910049081
471,3.6527835069598202,3.6527835069598202,2.651065858344068,2.8542985171876225,0.5981003454962961,18880,2.066293593496084
472,3.6527835069598202,3.6527835069598202,2.5184891690781575,2.737993107828484,0.7257106095586704,18920,2.0626095179468393
473,3.6527835069598202,3.6527835069598202,2.7742079824211814,2.922782198003329,0.607155635425089,18960,2.0541283804923296
474,3.6527835069598202,3.6527835069598202,2.5576228363924978,2.8529437275172187,0.7375093371791684,19000,2.0546610597521067
475,3.6527835069598202,3.6527835069598202,2.6523842598760483,2.788166394788405,0.5044506715211236,19040,2.038727927953005
476,3.6527835069598202,3.6527835069598202,2.544202671292833,2.877896614486778,0.928231644975321,19080,2.0435461197048426
477,3.6527835069598202,3.6527835069598202,2.696147726404628,2.9173379551764143,0.7892733140243152,19120,2.0348986461758614
478,3.6527835069598202,3.6527835069598202,2.6899950517759086,2.815255112574177,0.5868419387311251,19160,1.992470508441329
479,3.6527835069598202,3.6527835069598202,2.8681250963349116,2.923796764337163,0.3348356450278745,19200,2.055179437622428
480,3.6527835069598202,3.6527835069598202,2.925295399916428,2.947602724791375,0.3024111026016211,19240,2.037890501320362
481,3.6527835069598202,3.6527835069598202,2.9235028909019447,2.9958761943556467,0.2983571790387652,19280,2.0496472530066967
482,3.6527835069598202,3.6527835069598202,2.760455042631024,2.8755081403827534,0.5077291053162282,19320,2.0707700792700052
483,3.6527835069598202,3.6527835069598202,2.551674379742274,2.809398460182592,0.7639159127513185,19360,2.064563073217869
484,3.6527835069598202,3.6527835069598202,2.8493111057335847,2.994918798747948,0.555107199402335,19400,2.0692868679761887
485,3.6527835069598202,3.6527835069598202,2.803635838763579,2.851655809511622,0.38938068696099293,19440,2.042309520766139
486,3.6527835069598202,3.6527835069598202,2.730870579736947,2.8947970351828802,0.5510109518373424,19480,2.054012853652239
487,3.6527835069598202,3.6527835069598202,2.6250829954847843,2.8098438074527405,0.6725640978903672,19520,2.0510930623859167
488,3.6527835069598202,3.6527835069598202,2.7984144713757244,2.981634821148397,0.7134460935840029,19560,2.0672281365841627
489,3.6527835069598202,3.6527835069598202,2.8141504372493076,2.926518980785208,0.5530811294628234,19600,2.053173888474703
490,3.6527835069598202,3.6527835069598202,2.6007813752916307,2.742505826979454,0.6809106010352473,19640,2.0569976530969143
491,3.6527835069598202,3.6527835069598202,2.616656491376297,2.7373615359737875,0.6730061817828102,19680,2.0390522852540016
492,3.6527835069598202,3.6527835069598202,2.6636601224104393,2.8067287986931553,0.599049952105196,19720,2.0367693919688463
493,3.6527835069598202,3.6527835069598202,2.7647104641234233,2.919118571343888,0.7414397705072312,19760,2.0439389795064926
494,3.6527835069598202,3.6527835069598202,2.653005875374077,2.9138105498980553,0.9124916157502613,19800,2.0482469722628593
495,3.6527835069598202,3.6527835069598202,2.7269004932113394,2.9342012315250523,0.7642636619047755,19840,2.048438388854265
496,3.6527835069598202,3.6527835069598202,2.803515647464645,2.896728214466462,0.44792667649927914,19880,2.0645115580409765
497,3.6527835069598202,3.6527835069598202,2.717314668745149,2.790388153466196,0.4773137655749136,19920,2.059253526851535
498,3.6527835069598202,3.6527835069598202,2.7166795394649847,2.9133656492802427,0.6646109827065253,19960,2.037827981635928
499,3.6527835069598202,3.6527835069598202,2.6923084916191957,2.860246284270717,0.60730976008723,20000,2.0724371150135994
