run_id,task,morphology,training_seed,W0_mean_fitness,W25_mean_fitness,W50_mean_fitness,W75_mean_fitness,Wfinal_mean_fitness,delta_W25_from_W0,delta_W50_from_W0,delta_W75_from_W0,delta_Wfinal_from_W0,best_snapshot,best_snapshot_fitness
carrier__biped__nchl__seed_000,Carrier-v0,biped,0,-0.438133997404708,-0.37392741873786645,-0.48010997289130025,-0.7584003332891864,-0.38458724243276987,0.06420657866684154,-0.041975975486592265,-0.32026633588447845,0.053546754971938115,W25,-0.37392741873786645
carrier__biped__nchl__seed_001,Carrier-v0,biped,1,-0.4863061168662988,1.351449911413529,0.5723578074410919,0.07962363518229602,1.0234350270024992,1.8377560282798278,1.0586639243073908,0.5659297520485949,1.509741143868798,W25,1.351449911413529
carrier__biped__nchl__seed_002,Carrier-v0,biped,2,-0.41823479164302,-1.7224227374113232,0.015024559933812761,-0.08652243881341597,-0.40498874426300824,-1.3041879457683032,0.43325935157683276,0.33171235282960404,0.013246047380011783,W50,0.015024559933812761
carrier__biped__nchl__seed_003,Carrier-v0,biped,3,-0.37139846812426924,0.12768677729307784,-0.34449255029476933,-0.5223945349098332,-0.312446653800517,0.4990852454173471,0.026905917829499915,-0.150996066785564,0.05895181432375224,W25,0.12768677729307784
carrier__biped__nchl__seed_004,Carrier-v0,biped,4,-0.4840796893020382,0.0017292247684203381,1.5592876101245772,1.199318141615967,1.4441110067136858,0.48580891407045856,2.0433672994266154,1.6833978309180053,1.928190696015724,W50,1.5592876101245772
carrier__biped__nchl__seed_005,Carrier-v0,biped,5,-0.44188554214558934,-0.30995859512415697,-0.27724737146802475,-0.3467302740573686,-0.5059309940209715,0.13192694702143237,0.1646381706775646,0.09515526808822072,-0.06404545187538219,W50,-0.27724737146802475
carrier__biped__nchl__seed_006,Carrier-v0,biped,6,-0.5091708151042661,0.8865209841169103,-0.7559761909899336,-0.6648985354397835,-1.1207584959590569,1.3956917992211764,-0.24680537588566753,-0.1557277203355174,-0.6115876808547908,W25,0.8865209841169103
carrier__biped__nchl__seed_007,Carrier-v0,biped,7,-0.5316970839306293,1.0533802345534644,0.9464697842536022,0.9948299735051904,1.051039654399991,1.5850773184840938,1.4781668681842315,1.5265270574358198,1.5827367383306203,W25,1.0533802345534644
carrier__biped__nchl__seed_008,Carrier-v0,biped,8,-0.5512536585061382,-0.01681041247389074,-0.05479903153651825,0.5343608310918971,0.6076782129843652,0.5344432460322475,0.4964546269696199,1.0856144895980353,1.1589318714905033,Wfinal,0.6076782129843652
carrier__biped__nchl__seed_009,Carrier-v0,biped,9,-0.6657747577917013,-1.8237868294013282,-1.3666604143348913,-0.597556351928254,-1.3615415450697377,-1.158012071609627,-0.70088565654319,0.0682184058634473,-0.6957667872780364,W75,-0.597556351928254
jumper__biped__nchl__seed_000,Jumper-v0,biped,0,-0.1612969677108859,0.03142929055488741,-0.01352070857968124,-0.020659212137548916,-0.5143883508223054,0.1927262582657733,0.14777625913120465,0.14063775557333696,-0.3530913831114195,W25,0.03142929055488741
jumper__biped__nchl__seed_001,Jumper-v0,biped,1,-0.17788079004832166,-2.3693163055867985,-2.52020028044534,-2.982740648000094,-2.6831803946887725,-2.191435515538477,-2.3423194903970184,-2.8048598579517727,-2.505299604640451,W0,-0.17788079004832166
jumper__biped__nchl__seed_002,Jumper-v0,biped,2,-0.17207994741151533,-0.9497539263290871,-1.9493635441607609,-2.6011290187144205,-2.9046334678798047,-0.7776739789175717,-1.7772835967492455,-2.429049071302905,-2.732553520468289,W0,-0.17207994741151533
jumper__biped__nchl__seed_003,Jumper-v0,biped,3,-0.1620642174790702,-3.3972082372675847,-1.4460009488507246,-1.5121357938266293,-1.5349225408410752,-3.2351440197885144,-1.2839367313716543,-1.350071576347559,-1.3728583233620049,W0,-0.1620642174790702
jumper__biped__nchl__seed_004,Jumper-v0,biped,4,-0.18339695232692152,0.07995367707961165,0.07503156490344887,-0.2869040216548491,-0.3537026425322951,0.2633506294065332,0.2584285172303704,-0.10350706932792755,-0.1703056902053736,W25,0.07995367707961165
jumper__biped__nchl__seed_005,Jumper-v0,biped,5,-0.16306598841595132,-3.1441912168722332,-4.7467431804986004,-3.9886822348256654,-0.2630812594186834,-2.981125228456282,-4.583677192082649,-3.825616246409714,-0.10001527100273205,W0,-0.16306598841595132
jumper__biped__nchl__seed_006,Jumper-v0,biped,6,-0.16123965912519486,-0.8053531841993345,-2.2833932523412726,-1.5921316235510157,-1.5835013961872946,-0.6441135250741397,-2.1221535932160775,-1.430891964425821,-1.4222617370620998,W0,-0.16123965912519486
jumper__biped__nchl__seed_007,Jumper-v0,biped,7,-0.16850244063879527,0.10583649486003488,-3.7253645718557884,-3.8072333425069567,-2.5925227035699785,0.27433893549883015,-3.556862131216993,-3.6387309018681613,-2.424020262931183,W25,0.10583649486003488
jumper__biped__nchl__seed_008,Jumper-v0,biped,8,-0.172808085726609,-0.734827586951643,-0.7997894083015753,-0.8141166485468846,-1.0073858963337654,-0.562019501225034,-0.6269813225749663,-0.6413085628202756,-0.8345778106071564,W0,-0.172808085726609
jumper__biped__nchl__seed_009,Jumper-v0,biped,9,-0.15745772707433936,-10.148412049968163,-11.710623162117537,-9.44154918090349,-7.494017445369653,-9.990954322893824,-11.553165435043198,-9.28409145382915,-7.336559718295313,W0,-0.15745772707433936
thrower__biped__nchl__seed_000,Thrower-v0,biped,0,0.31905957832444654,0.28813908128527754,0.4138156030293538,0.5590816182452732,0.3852178484127277,-0.030920497039168993,0.09475602470490724,0.2400220399208267,0.06615827008828118,W75,0.5590816182452732
thrower__biped__nchl__seed_001,Thrower-v0,biped,1,0.2789537161647572,0.4070294432596939,0.4442311161971215,0.44587215091636717,0.4482268475231896,0.1280757270949367,0.1652774000323643,0.16691843475160995,0.16927313135843236,Wfinal,0.4482268475231896
thrower__biped__nchl__seed_002,Thrower-v0,biped,2,0.3504450974917859,0.35631339333246936,0.4568815678961106,0.3803732248641111,0.2830478764767356,0.005868295840683491,0.10643647040432475,0.029928127372325253,-0.06739722101505025,W50,0.4568815678961106
thrower__biped__nchl__seed_003,Thrower-v0,biped,3,0.4011581279856164,0.33817009093163425,0.41914258243379154,0.863101150581918,0.8924231259684047,-0.06298803705398215,0.017984454448175147,0.46194302259630166,0.4912649979827883,Wfinal,0.8924231259684047
thrower__biped__nchl__seed_004,Thrower-v0,biped,4,0.2798942759596394,0.3382782578952039,0.35415571933657747,0.3616773369387886,0.3096729807311757,0.05838398193556449,0.07426144337693807,0.08178306097914922,0.029778704771536324,W75,0.3616773369387886
thrower__biped__nchl__seed_005,Thrower-v0,biped,5,0.36314829093026524,0.2055450155286002,0.27237815308269814,0.5214527778697647,0.5376545964545495,-0.15760327540166505,-0.0907701378475671,0.1583044869394995,0.17450630552428426,Wfinal,0.5376545964545495
thrower__biped__nchl__seed_006,Thrower-v0,biped,6,0.3222216377275104,0.3234429381773147,-0.13919360727345073,-0.052638645048827794,0.20392165676209292,0.0012213004498042856,-0.4614152450009611,-0.3748602827763382,-0.11829998096541747,W25,0.3234429381773147
thrower__biped__nchl__seed_007,Thrower-v0,biped,7,0.3445449873232233,0.8336989853130962,0.24381905957731276,0.6586201621642561,0.860360124009334,0.48915399798987286,-0.10072592774591055,0.3140751748410328,0.5158151366861108,Wfinal,0.860360124009334
thrower__biped__nchl__seed_008,Thrower-v0,biped,8,0.37589910187344344,-0.032886147994775995,0.7117151805981633,0.8340353340421304,0.7103243280154877,-0.40878524986821946,0.33581607872471986,0.45813623216868693,0.3344252261420443,W75,0.8340353340421304
thrower__biped__nchl__seed_009,Thrower-v0,biped,9,0.34657032590090403,0.32603126349662087,0.280878549588517,0.25054500098810234,0.348671545707782,-0.02053906240428316,-0.06569177631238704,-0.09602532491280169,0.0021012198068779964,Wfinal,0.348671545707782
thrower__thrower_arm__nchl__seed_000,Thrower-v0,thrower_arm,0,0.3018430549081382,1.1825260751857185,1.115796342895192,1.3930328422790275,1.5483999811934968,0.8806830202775804,0.8139532879870539,1.0911897873708893,1.2465569262853586,Wfinal,1.5483999811934968
thrower__thrower_arm__nchl__seed_001,Thrower-v0,thrower_arm,1,-0.13753332929434112,1.0249626277954826,1.3867569782224736,1.8376059782158165,2.8427533794062962,1.1624959570898237,1.5242903075168146,1.9751393075101575,2.9802867087006373,Wfinal,2.8427533794062962
thrower__thrower_arm__nchl__seed_002,Thrower-v0,thrower_arm,2,0.2922047486319714,1.622088250616202,1.3366231950837035,1.7250791981674212,0.28622817908126913,1.3298835019842306,1.044418446451732,1.4328744495354497,-0.005976569550702249,W75,1.7250791981674212
thrower__thrower_arm__nchl__seed_003,Thrower-v0,thrower_arm,3,0.3243863291110869,0.861549900661999,0.4604239528291641,0.7661615323637334,1.0518700254953675,0.5371635715509121,0.1360376237180772,0.4417752032526465,0.7274836963842806,Wfinal,1.0518700254953675
thrower__thrower_arm__nchl__seed_004,Thrower-v0,thrower_arm,4,0.3827668100114332,0.8071387900526462,0.41679540465793213,0.05668022713526418,1.208280595330694,0.424371980041213,0.03402859464649893,-0.32608658287616904,0.8255137853192609,Wfinal,1.208280595330694
thrower__thrower_arm__nchl__seed_005,Thrower-v0,thrower_arm,5,0.32300863694692233,1.1871877376324944,1.4820860931482798,1.818220727374241,1.9486287393355262,0.8641791006855721,1.1590774562013575,1.4952120904273187,1.6256201023886039,Wfinal,1.9486287393355262
thrower__thrower_arm__nchl__seed_006,Thrower-v0,thrower_arm,6,-0.12181517967173279,1.135419168377899,0.6597230211788917,0.5933210333657826,0.6379780886264551,1.2572343480496317,0.7815382008506245,0.7151362130375154,0.7597932682981879,W25,1.135419168377899
thrower__thrower_arm__nchl__seed_007,Thrower-v0,thrower_arm,7,0.29206091937385276,1.25061655738326,0.8968129491381176,0.8672415036299891,1.1775685833899059,0.9585556380094071,0.6047520297642648,0.5751805842561364,0.8855076640160531,W25,1.25061655738326
thrower__thrower_arm__nchl__seed_008,Thrower-v0,thrower_arm,8,0.41455500298666137,0.9777911592414,1.943679096441776,1.8510539882093724,2.1591084473334803,0.5632361562547387,1.5291240934551147,1.436498985222711,1.744553444346819,Wfinal,2.1591084473334803
thrower__thrower_arm__nchl__seed_009,Thrower-v0,thrower_arm,9,0.3635110770817298,0.8205657679478002,0.6751596538121641,0.8076234657649697,0.8262192417387522,0.4570546908660704,0.31164857673043433,0.4441123886832399,0.46270816465702236,Wfinal,0.8262192417387522
walker__biped__nchl__seed_000,Walker-v0,biped,0,-0.015474997364334664,3.7243256820189465,4.3116634128708275,3.0585346959839987,3.4671493674572873,3.739800679383281,4.327138410235162,3.0740096933483336,3.482624364821622,W50,4.3116634128708275
walker__biped__nchl__seed_001,Walker-v0,biped,1,0.005625376869633825,0.6139223393248331,-1.1832092567503476,-1.2345077485679465,-1.4522247693912809,0.6082969624551993,-1.1888346336199813,-1.2401331254375805,-1.4578501462609146,W25,0.6139223393248331
walker__biped__nchl__seed_002,Walker-v0,biped,2,0.0030731353807351147,2.7157177568127264,2.9544443104043516,2.4640321104548284,2.5496699876316318,2.7126446214319913,2.9513711750236165,2.4609589750740932,2.5465968522508966,W50,2.9544443104043516
walker__biped__nchl__seed_003,Walker-v0,biped,3,0.005324300189922082,0.44950965770406287,0.4683923504718888,-1.240316207233972,1.2413452404055583,0.4441853575141408,0.46306805028196674,-1.245640507423894,1.2360209402156361,Wfinal,1.2413452404055583
walker__biped__nchl__seed_004,Walker-v0,biped,4,-0.0174493617717633,3.46855673298483,3.547768009248157,3.642694452899155,3.9497021925186204,3.4860060947565934,3.56521737101992,3.6601438146709184,3.9671515542903837,Wfinal,3.9497021925186204
walker__biped__nchl__seed_005,Walker-v0,biped,5,0.0055290348062021115,3.1710488195430897,3.4576618995760264,4.006354976247546,3.912400580467873,3.1655197847368877,3.4521328647698244,4.000825941441343,3.906871545661671,W75,4.006354976247546
walker__biped__nchl__seed_006,Walker-v0,biped,6,-0.007207711910982036,-1.2744140962420103,-0.547840717543319,-0.1101916992933303,-1.0044546072610343,-1.2672063843310282,-0.540633005632337,-0.10298398738234826,-0.9972468953500523,W0,-0.007207711910982036
walker__biped__nchl__seed_007,Walker-v0,biped,7,0.014330994802557265,3.05552508941093,3.14153589995753,4.156798233394704,4.411272664035012,3.0411940946083726,3.1272049051549726,4.142467238592147,4.396941669232455,Wfinal,4.411272664035012
walker__biped__nchl__seed_008,Walker-v0,biped,8,0.005656667886900187,3.447396360009097,3.905857995818804,1.8512155487908186,3.166094892820938,3.441739692122197,3.900201327931904,1.8455588809039185,3.1604382249340377,W50,3.905857995818804
walker__biped__nchl__seed_009,Walker-v0,biped,9,0.0022504281303348437,3.262082587523641,2.3607208680319354,3.708979378913335,3.569871943927526,3.2598321593933064,2.3584704399016005,3.7067289507830004,3.567621515797191,W75,3.708979378913335
