run_id,task,morphology,training_seed,snapshot,snapshot_fraction,n_analysis_traces,mean_frozen_fitness,median_frozen_fitness,sd_frozen_fitness,min_frozen_fitness,max_frozen_fitness
carrier__biped__nchl__seed_000,Carrier-v0,biped,0,W0,0.0,3,-0.438133997404708,-0.46176844019962837,0.04143516308146843,-0.46234360732667007,-0.3902899446878254
carrier__biped__nchl__seed_000,Carrier-v0,biped,0,W25,0.25,3,-0.37392741873786645,-0.3786214970845524,0.0091562392786214,-0.37978470397813296,-0.36337605515091387
carrier__biped__nchl__seed_000,Carrier-v0,biped,0,W50,0.5,3,-0.48010997289130025,-0.7556142842981142,0.558585020665874,-0.8474224230646937,0.16270678868890723
carrier__biped__nchl__seed_000,Carrier-v0,biped,0,W75,0.75,3,-0.7584003332891864,-0.8191062016505293,0.4910757030144675,-1.2163008622309233,-0.2397939359861066
carrier__biped__nchl__seed_000,Carrier-v0,biped,0,Wfinal,1.0,3,-0.38458724243276987,-0.3748337745631942,0.029430936641348743,-0.4176567490225299,-0.3612712037125854
carrier__biped__nchl__seed_001,Carrier-v0,biped,1,W0,0.0,3,-0.4863061168662988,-0.3747736446535773,0.22660826314882399,-0.7470642690545274,-0.3370804368907918
carrier__biped__nchl__seed_001,Carrier-v0,biped,1,W25,0.25,3,1.351449911413529,1.3429462664646148,0.1382819987849747,1.2176159735616405,1.493787494214331
carrier__biped__nchl__seed_001,Carrier-v0,biped,1,W50,0.5,3,0.5723578074410919,0.8835812400501142,1.0022090027779718,-0.5485403256825464,1.3820325079557076
carrier__biped__nchl__seed_001,Carrier-v0,biped,1,W75,0.75,3,0.07962363518229602,0.9568491468666647,1.876536268169508,-2.0748693370482925,1.356891095728516
carrier__biped__nchl__seed_001,Carrier-v0,biped,1,Wfinal,1.0,3,1.0234350270024992,0.9408033988407312,0.20507548675987086,0.8725661231937984,1.2569355589729687
carrier__biped__nchl__seed_002,Carrier-v0,biped,2,W0,0.0,3,-0.41823479164302,-0.4673900524404726,0.09106784764640846,-0.47416289474756845,-0.3131514277410191
carrier__biped__nchl__seed_002,Carrier-v0,biped,2,W25,0.25,3,-1.7224227374113232,-2.1296094155718537,1.0252902394140482,-2.481569930293934,-0.5560888663681827
carrier__biped__nchl__seed_002,Carrier-v0,biped,2,W50,0.5,3,0.015024559933812761,-0.30044582804635855,0.8667476698700721,-0.6498035256819503,0.9953230335297472
carrier__biped__nchl__seed_002,Carrier-v0,biped,2,W75,0.75,3,-0.08652243881341597,-0.3118860102951264,0.44068889455797083,-0.3689547470675515,0.42127344092243
carrier__biped__nchl__seed_002,Carrier-v0,biped,2,Wfinal,1.0,3,-0.40498874426300824,-0.41262636850965356,0.11951288978663366,-0.5204996469933311,-0.28184021728604014
carrier__biped__nchl__seed_003,Carrier-v0,biped,3,W0,0.0,3,-0.37139846812426924,-0.3456248508631544,0.07197159437125933,-0.4527082325978714,-0.31586232091178174
carrier__biped__nchl__seed_003,Carrier-v0,biped,3,W25,0.25,3,0.12768677729307784,-0.15346118029934733,0.5080623172669847,-0.17765872956131917,0.7141802417399
carrier__biped__nchl__seed_003,Carrier-v0,biped,3,W50,0.5,3,-0.34449255029476933,-0.32819731510572425,0.036400797014601145,-0.38619410962343803,-0.3190862261551457
carrier__biped__nchl__seed_003,Carrier-v0,biped,3,W75,0.75,3,-0.5223945349098332,-0.3135914365980845,0.36165757505374807,-0.9400007315333307,-0.3135914365980845
carrier__biped__nchl__seed_003,Carrier-v0,biped,3,Wfinal,1.0,3,-0.312446653800517,-0.3135914365980845,0.0019828219690178187,-0.3135914365980845,-0.3101570882053819
carrier__biped__nchl__seed_004,Carrier-v0,biped,4,W0,0.0,3,-0.4840796893020382,-0.3577605674529556,0.25533305090736486,-0.7779502739708307,-0.3165282264823283
carrier__biped__nchl__seed_004,Carrier-v0,biped,4,W25,0.25,3,0.0017292247684203381,0.33877719301125075,0.9075831779505387,-1.026158608503245,0.6925690897972553
carrier__biped__nchl__seed_004,Carrier-v0,biped,4,W50,0.5,3,1.5592876101245772,1.5047141119362537,0.32569800564401713,1.2643236945924157,1.908825023845062
carrier__biped__nchl__seed_004,Carrier-v0,biped,4,W75,0.75,3,1.199318141615967,1.279325162300279,0.14617955930482932,1.0305993600762209,1.288029902471401
carrier__biped__nchl__seed_004,Carrier-v0,biped,4,Wfinal,1.0,3,1.4441110067136858,1.433720650167292,0.2730324587020227,1.176422044969547,1.7221903250042183
carrier__biped__nchl__seed_005,Carrier-v0,biped,5,W0,0.0,3,-0.44188554214558934,-0.46424188077699513,0.04059869639589777,-0.46639209983311175,-0.39502264582666113
carrier__biped__nchl__seed_005,Carrier-v0,biped,5,W25,0.25,3,-0.30995859512415697,-0.6269756118341242,0.5703578757750933,-0.6513833471109025,0.34848317357255576
carrier__biped__nchl__seed_005,Carrier-v0,biped,5,W50,0.5,3,-0.27724737146802475,-0.2833327967745932,0.08457367079166586,-0.35861396807803037,-0.1897953495514507
carrier__biped__nchl__seed_005,Carrier-v0,biped,5,W75,0.75,3,-0.3467302740573686,-0.28449895981296125,0.17851263623964334,-0.5480288003021359,-0.2076630620570088
carrier__biped__nchl__seed_005,Carrier-v0,biped,5,Wfinal,1.0,3,-0.5059309940209715,-0.5311292579987239,0.05453942374693485,-0.5433152028771043,-0.44334852118708623
carrier__biped__nchl__seed_006,Carrier-v0,biped,6,W0,0.0,3,-0.5091708151042661,-0.34867130149007936,0.2816821592340643,-0.834420099314928,-0.34442104450779115
carrier__biped__nchl__seed_006,Carrier-v0,biped,6,W25,0.25,3,0.8865209841169103,0.9692320931762047,0.1695750403707927,0.6914616604552339,0.9988691987192921
carrier__biped__nchl__seed_006,Carrier-v0,biped,6,W50,0.5,3,-0.7559761909899336,-0.6371930409068755,0.2269949599796429,-1.0177155713035213,-0.6130199607594042
carrier__biped__nchl__seed_006,Carrier-v0,biped,6,W75,0.75,3,-0.6648985354397835,-1.1366647139856025,0.82410141133128,-1.1447113597666467,0.2866804674328989
carrier__biped__nchl__seed_006,Carrier-v0,biped,6,Wfinal,1.0,3,-1.1207584959590569,-1.12933700593968,0.04598521132053106,-1.1618503662861959,-1.0710881156512946
carrier__biped__nchl__seed_007,Carrier-v0,biped,7,W0,0.0,3,-0.5316970839306293,-0.451883331527534,0.21002969792328607,-0.7699339823306577,-0.3732739379336963
carrier__biped__nchl__seed_007,Carrier-v0,biped,7,W25,0.25,3,1.0533802345534644,1.0709047795581261,0.11479453203878444,0.9308310896633745,1.1584048344388929
carrier__biped__nchl__seed_007,Carrier-v0,biped,7,W50,0.5,3,0.9464697842536022,0.9301101375148182,0.0772520893194432,0.8787078090325219,1.0305914062134667
carrier__biped__nchl__seed_007,Carrier-v0,biped,7,W75,0.75,3,0.9948299735051904,1.0159939449832573,0.09294007120453837,0.8931331066052766,1.0753628689270371
carrier__biped__nchl__seed_007,Carrier-v0,biped,7,Wfinal,1.0,3,1.051039654399991,1.0505364354443947,0.009213645055305668,1.042087931154411,1.0604945966011674
carrier__biped__nchl__seed_008,Carrier-v0,biped,8,W0,0.0,3,-0.5512536585061382,-0.46875989958733566,0.16610034020961356,-0.7424518894844045,-0.4425491864466745
carrier__biped__nchl__seed_008,Carrier-v0,biped,8,W25,0.25,3,-0.01681041247389074,-0.024031664392555246,0.3209883127883263,-0.33412717251837365,0.30772759948925665
carrier__biped__nchl__seed_008,Carrier-v0,biped,8,W50,0.5,3,-0.05479903153651825,0.13235523864010748,0.4591731801896705,-0.5779922379856294,0.28123990473596716
carrier__biped__nchl__seed_008,Carrier-v0,biped,8,W75,0.75,3,0.5343608310918971,0.5109163312043337,0.15954575866773418,0.3878344928030206,0.704331669268337
carrier__biped__nchl__seed_008,Carrier-v0,biped,8,Wfinal,1.0,3,0.6076782129843652,0.9559628391250858,0.6414026935005597,-0.1325213230107509,0.9995931228387607
carrier__biped__nchl__seed_009,Carrier-v0,biped,9,W0,0.0,3,-0.6657747577917013,-0.7328718193724012,0.17947394987479331,-0.8020331377237556,-0.4624193162789467
carrier__biped__nchl__seed_009,Carrier-v0,biped,9,W25,0.25,3,-1.8237868294013282,-1.6817808528009937,0.3871095139147557,-2.261844994372057,-1.5277346410309334
carrier__biped__nchl__seed_009,Carrier-v0,biped,9,W50,0.5,3,-1.3666604143348913,-1.5873278778465902,0.8831723936452379,-2.1185754168822846,-0.39407794827579945
carrier__biped__nchl__seed_009,Carrier-v0,biped,9,W75,0.75,3,-0.597556351928254,-0.34659157947973357,0.8104596627404117,-1.5038123142753865,0.05773483797035811
carrier__biped__nchl__seed_009,Carrier-v0,biped,9,Wfinal,1.0,3,-1.3615415450697377,-1.4192776434889978,0.31168876980652954,-1.6403255662708216,-1.0250214254493937
jumper__biped__nchl__seed_000,Jumper-v0,biped,0,W0,0.0,3,-0.1612969677108859,-0.15937079325762604,0.004544649035300778,-0.16648749196670587,-0.1580326179083258
jumper__biped__nchl__seed_000,Jumper-v0,biped,0,W25,0.25,3,0.03142929055488741,0.03142929055488741,0.0,0.03142929055488741,0.03142929055488741
jumper__biped__nchl__seed_000,Jumper-v0,biped,0,W50,0.5,3,-0.01352070857968124,-0.0037615614451019797,0.028935652215978373,-0.04607411915177162,0.00927355485782988
jumper__biped__nchl__seed_000,Jumper-v0,biped,0,W75,0.75,3,-0.020659212137548916,0.003677700183137289,0.07551590601691321,-0.10534275697312356,0.03968742037733952
jumper__biped__nchl__seed_000,Jumper-v0,biped,0,Wfinal,1.0,3,-0.5143883508223054,-0.3394203879236274,0.6242204601234023,-1.207422364726426,0.003677700183137289
jumper__biped__nchl__seed_001,Jumper-v0,biped,1,W0,0.0,3,-0.17788079004832166,-0.1815696817900686,0.018494549256719804,-0.1942528863986681,-0.15781980195622825
jumper__biped__nchl__seed_001,Jumper-v0,biped,1,W25,0.25,3,-2.3693163055867985,-2.5638195188605555,0.5968225399566378,-2.844623446346142,-1.6995059515536992
jumper__biped__nchl__seed_001,Jumper-v0,biped,1,W50,0.5,3,-2.52020028044534,-2.3614795787440093,0.5232346017207044,-3.104417296673815,-2.094703965918195
jumper__biped__nchl__seed_001,Jumper-v0,biped,1,W75,0.75,3,-2.982740648000094,-3.1457234067321305,0.4621514952792385,-3.341319115199263,-2.461179422068889
jumper__biped__nchl__seed_001,Jumper-v0,biped,1,Wfinal,1.0,3,-2.6831803946887725,-2.850987391328345,0.3758166980624508,-2.945858487703073,-2.252695305034899
jumper__biped__nchl__seed_002,Jumper-v0,biped,2,W0,0.0,3,-0.17207994741151533,-0.1713227088438357,0.018282338388529152,-0.1907291397368993,-0.15418799365381097
jumper__biped__nchl__seed_002,Jumper-v0,biped,2,W25,0.25,3,-0.9497539263290871,-0.468512475142287,1.2517852656267834,-2.370743810484771,-0.010005493360203399
jumper__biped__nchl__seed_002,Jumper-v0,biped,2,W50,0.5,3,-1.9493635441607609,-1.6175038564668047,1.370576158900415,-3.455398185442988,-0.7751885905724909
jumper__biped__nchl__seed_002,Jumper-v0,biped,2,W75,0.75,3,-2.6011290187144205,-2.696112589219444,0.44821384034644685,-2.9942382294647523,-2.1130362374590645
jumper__biped__nchl__seed_002,Jumper-v0,biped,2,Wfinal,1.0,3,-2.9046334678798047,-2.1628092440916413,1.7201411101636643,-4.8712141088318175,-1.6798770507159566
jumper__biped__nchl__seed_003,Jumper-v0,biped,3,W0,0.0,3,-0.1620642174790702,-0.16443998132155968,0.01093507358330261,-0.17161610482423817,-0.1501365662914128
jumper__biped__nchl__seed_003,Jumper-v0,biped,3,W25,0.25,3,-3.3972082372675847,-4.187114637378361,1.601483869273208,-4.4502835220288155,-1.5542265523955785
jumper__biped__nchl__seed_003,Jumper-v0,biped,3,W50,0.5,3,-1.4460009488507246,-1.407788581899475,0.1111936267108775,-1.5712621316438813,-1.3589521330088168
jumper__biped__nchl__seed_003,Jumper-v0,biped,3,W75,0.75,3,-1.5121357938266293,-1.4998825146215737,0.029309994198290886,-1.5455840113749137,-1.4909408554834003
jumper__biped__nchl__seed_003,Jumper-v0,biped,3,Wfinal,1.0,3,-1.5349225408410752,-1.5296085714637797,0.10535090643973666,-1.6428298689247307,-1.4323291821347155
jumper__biped__nchl__seed_004,Jumper-v0,biped,4,W0,0.0,3,-0.18339695232692152,-0.19218513525321834,0.025812096746616366,-0.20366741476399886,-0.15433830696354733
jumper__biped__nchl__seed_004,Jumper-v0,biped,4,W25,0.25,3,0.07995367707961165,0.10275373833080248,0.042048779955174934,0.03142929055488741,0.10567800235314506
jumper__biped__nchl__seed_004,Jumper-v0,biped,4,W50,0.5,3,0.07503156490344887,0.09480197736480234,0.03781524281470514,0.03142929055488741,0.09886342679065685
jumper__biped__nchl__seed_004,Jumper-v0,biped,4,W75,0.75,3,-0.2869040216548491,-0.27891840228795484,0.19506920582592194,-0.48584340728681397,-0.09595025538977842
jumper__biped__nchl__seed_004,Jumper-v0,biped,4,Wfinal,1.0,3,-0.3537026425322951,-0.48124298112174557,0.22322411231043518,-0.48391469108536145,-0.09595025538977842
jumper__biped__nchl__seed_005,Jumper-v0,biped,5,W0,0.0,3,-0.16306598841595132,-0.15670928280281438,0.012126498570832287,-0.17704925621058576,-0.15543942623445384
jumper__biped__nchl__seed_005,Jumper-v0,biped,5,W25,0.25,3,-3.1441912168722332,-3.1857028321443535,2.5062200389075215,-5.6293975942600705,-0.6174732242122771
jumper__biped__nchl__seed_005,Jumper-v0,biped,5,W50,0.5,3,-4.7467431804986004,-4.360433592414274,0.76569619453676,-5.628639100758491,-4.251156848323035
jumper__biped__nchl__seed_005,Jumper-v0,biped,5,W75,0.75,3,-3.9886822348256654,-3.917908156246641,0.15847900666451956,-4.170216008270753,-3.8779225399596022
jumper__biped__nchl__seed_005,Jumper-v0,biped,5,Wfinal,1.0,3,-0.2630812594186834,0.012235475947755536,0.48427872974955055,-0.8222564233368962,0.020777169133090467
jumper__biped__nchl__seed_006,Jumper-v0,biped,6,W0,0.0,3,-0.16123965912519486,-0.16154798502356293,0.009326234773744306,-0.1704079076886128,-0.15176308466340882
jumper__biped__nchl__seed_006,Jumper-v0,biped,6,W25,0.25,3,-0.8053531841993345,0.019358112736466704,1.43254147267634,-2.459507338249984,0.024089672915513782
jumper__biped__nchl__seed_006,Jumper-v0,biped,6,W50,0.5,3,-2.2833932523412726,-2.222283842773586,0.19915504262704842,-2.5059426472873647,-2.1219532669628665
jumper__biped__nchl__seed_006,Jumper-v0,biped,6,W75,0.75,3,-1.5921316235510157,-1.6195938106008239,0.3354637226130509,-1.91302013555041,-1.2437809245018134
jumper__biped__nchl__seed_006,Jumper-v0,biped,6,Wfinal,1.0,3,-1.5835013961872946,-1.5804234918911364,0.007854192947882583,-1.5924283944722313,-1.577652302198516
jumper__biped__nchl__seed_007,Jumper-v0,biped,7,W0,0.0,3,-0.16850244063879527,-0.17100995290673437,0.02029451165144579,-0.18742667969365134,-0.1470706893160001
jumper__biped__nchl__seed_007,Jumper-v0,biped,7,W25,0.25,3,0.10583649486003488,0.10512717878477185,0.004726600555870949,0.10150463971153434,0.11087766608379845
jumper__biped__nchl__seed_007,Jumper-v0,biped,7,W50,0.5,3,-3.7253645718557884,-3.7972421484886394,0.12739543909611092,-3.800577969237766,-3.578273597840959
jumper__biped__nchl__seed_007,Jumper-v0,biped,7,W75,0.75,3,-3.8072333425069567,-3.739859655461532,0.12409948629155883,-3.950447681291168,-3.73139269076817
jumper__biped__nchl__seed_007,Jumper-v0,biped,7,Wfinal,1.0,3,-2.5925227035699785,-3.923938363650961,2.326763740176609,-3.94778710433054,0.09415735727156593
jumper__biped__nchl__seed_008,Jumper-v0,biped,8,W0,0.0,3,-0.172808085726609,-0.16948625614565893,0.0182189553045794,-0.1924593984717321,-0.15647860256243595
jumper__biped__nchl__seed_008,Jumper-v0,biped,8,W25,0.25,3,-0.734827586951643,-1.14378836740813,0.765870861438105,-1.209406462499415,0.14871206905261558
jumper__biped__nchl__seed_008,Jumper-v0,biped,8,W50,0.5,3,-0.7997894083015753,-1.1959873331491178,0.7339670294837944,-1.2505186231552257,0.04713773139961741
jumper__biped__nchl__seed_008,Jumper-v0,biped,8,W75,0.75,3,-0.8141166485468846,-1.1877604016784553,0.7118548816070369,-1.2613532328323713,0.006763688870172757
jumper__biped__nchl__seed_008,Jumper-v0,biped,8,Wfinal,1.0,3,-1.0073858963337654,-1.1275791426154835,0.26813992444577484,-1.1944010024632556,-0.7001775439225566
jumper__biped__nchl__seed_009,Jumper-v0,biped,9,W0,0.0,3,-0.15745772707433936,-0.15508267410770937,0.007946051464463987,-0.16632047840323294,-0.15097002871207577
jumper__biped__nchl__seed_009,Jumper-v0,biped,9,W25,0.25,3,-10.148412049968163,-10.396066452888327,1.0606237115893014,-11.063297094571041,-8.985872602445122
jumper__biped__nchl__seed_009,Jumper-v0,biped,9,W50,0.5,3,-11.710623162117537,-11.77944958200872,0.3539686776958187,-12.025124007110193,-11.327295897233704
jumper__biped__nchl__seed_009,Jumper-v0,biped,9,W75,0.75,3,-9.44154918090349,-9.507671976744582,0.6869917439490559,-10.0930887530062,-8.723886812959687
jumper__biped__nchl__seed_009,Jumper-v0,biped,9,Wfinal,1.0,3,-7.494017445369653,-9.890421503831702,6.2111221284756315,-12.14995700874464,-0.4416738235326184
thrower__biped__nchl__seed_000,Thrower-v0,biped,0,W0,0.0,3,0.31905957832444654,0.2978549445380381,0.05028159549937145,0.2828536536842344,0.37647013675106705
thrower__biped__nchl__seed_000,Thrower-v0,biped,0,W25,0.25,3,0.28813908128527754,0.3555887273183816,0.12963441073901733,0.13868617444652193,0.3701423420909291
thrower__biped__nchl__seed_000,Thrower-v0,biped,0,W50,0.5,3,0.4138156030293538,0.42292492502254925,0.02131405037210834,0.3894605901954026,0.42906129387010944
thrower__biped__nchl__seed_000,Thrower-v0,biped,0,W75,0.75,3,0.5590816182452732,0.44105654675593886,0.26497566280494306,0.3736260297817485,0.8625622781981326
thrower__biped__nchl__seed_000,Thrower-v0,biped,0,Wfinal,1.0,3,0.3852178484127277,0.37257227709977603,0.044682195093930566,0.3482212884712047,0.4348599796672024
thrower__biped__nchl__seed_001,Thrower-v0,biped,1,W0,0.0,3,0.2789537161647572,0.27064949858646403,0.031318673812432744,0.2526240384711723,0.3135876114366354
thrower__biped__nchl__seed_001,Thrower-v0,biped,1,W25,0.25,3,0.4070294432596939,0.3949937364605725,0.04692973720647285,0.3672897119802882,0.45880488133822117
thrower__biped__nchl__seed_001,Thrower-v0,biped,1,W50,0.5,3,0.4442311161971215,0.43297356688581806,0.022572322958673546,0.4295015890724591,0.4702181926330873
thrower__biped__nchl__seed_001,Thrower-v0,biped,1,W75,0.75,3,0.44587215091636717,0.45511677455014865,0.036367127208772186,0.4057749093346225,0.47672476886433024
thrower__biped__nchl__seed_001,Thrower-v0,biped,1,Wfinal,1.0,3,0.4482268475231896,0.4491052585524037,0.003397817297623943,0.44447607773533504,0.45109920628182987
thrower__biped__nchl__seed_002,Thrower-v0,biped,2,W0,0.0,3,0.3504450974917859,0.3597317041569865,0.0691714620444117,0.27709946258415175,0.4145041257342192
thrower__biped__nchl__seed_002,Thrower-v0,biped,2,W25,0.25,3,0.35631339333246936,0.3811283967328054,0.4499001842185184,-0.1054807319609447,0.7932925152255473
thrower__biped__nchl__seed_002,Thrower-v0,biped,2,W50,0.5,3,0.4568815678961106,0.45053418692074326,0.3579689632595787,0.10212850369339287,0.8179820130741957
thrower__biped__nchl__seed_002,Thrower-v0,biped,2,W75,0.75,3,0.3803732248641111,0.3720184380407443,0.02976948962674524,0.35567379945015226,0.4134274371014367
thrower__biped__nchl__seed_002,Thrower-v0,biped,2,Wfinal,1.0,3,0.2830478764767356,0.3111215495072243,0.14271364263767675,0.12838356946995672,0.40963851045302574
thrower__biped__nchl__seed_003,Thrower-v0,biped,3,W0,0.0,3,0.4011581279856164,0.4113529540703729,0.030813096609479475,0.3665396027776829,0.4255818271087933
thrower__biped__nchl__seed_003,Thrower-v0,biped,3,W25,0.25,3,0.33817009093163425,0.33817009093163425,0.0,0.33817009093163425,0.33817009093163425
thrower__biped__nchl__seed_003,Thrower-v0,biped,3,W50,0.5,3,0.41914258243379154,0.4187809349585089,0.008226090121880004,0.4111032804411896,0.4275435319016762
thrower__biped__nchl__seed_003,Thrower-v0,biped,3,W75,0.75,3,0.863101150581918,0.8516330215002407,0.02127795370606436,0.8500173293371031,0.8876531009084104
thrower__biped__nchl__seed_003,Thrower-v0,biped,3,Wfinal,1.0,3,0.8924231259684047,0.8926170741516792,0.0009122684846023784,0.8914294792137225,0.8932228245398124
thrower__biped__nchl__seed_004,Thrower-v0,biped,4,W0,0.0,3,0.2798942759596394,0.27809825398536975,0.006041668965989996,0.27495426564709036,0.286630308246458
thrower__biped__nchl__seed_004,Thrower-v0,biped,4,W25,0.25,3,0.3382782578952039,0.3351038823109777,0.01252295002467184,0.32764796713983707,0.35208292423479676
thrower__biped__nchl__seed_004,Thrower-v0,biped,4,W50,0.5,3,0.35415571933657747,0.34022274996532725,0.07391317480858257,0.2882005907401383,0.43404381730426694
thrower__biped__nchl__seed_004,Thrower-v0,biped,4,W75,0.75,3,0.3616773369387886,0.3593422596533176,0.004872828117665664,0.3584114779659846,0.3672782731970636
thrower__biped__nchl__seed_004,Thrower-v0,biped,4,Wfinal,1.0,3,0.3096729807311757,0.2979137189858584,0.03819680666820283,0.27873840426411434,0.35236681894355454
thrower__biped__nchl__seed_005,Thrower-v0,biped,5,W0,0.0,3,0.36314829093026524,0.3872433740992836,0.07123038062581777,0.2829954092511097,0.4192060894404024
thrower__biped__nchl__seed_005,Thrower-v0,biped,5,W25,0.25,3,0.2055450155286002,0.3343618102976597,0.26584508283565916,-0.1001687549974491,0.38244199128559
thrower__biped__nchl__seed_005,Thrower-v0,biped,5,W50,0.5,3,0.27237815308269814,0.22074433960980586,0.09017028124068513,0.2198934532027461,0.3764966664355425
thrower__biped__nchl__seed_005,Thrower-v0,biped,5,W75,0.75,3,0.5214527778697647,0.3778730917215764,0.259655682673486,0.3652958533887457,0.8211893884989723
thrower__biped__nchl__seed_005,Thrower-v0,biped,5,Wfinal,1.0,3,0.5376545964545495,0.43174764239379226,0.24257125724550566,0.36604493614301087,0.8151712108268453
thrower__biped__nchl__seed_006,Thrower-v0,biped,6,W0,0.0,3,0.3222216377275104,0.2940198584471687,0.0514614945344908,0.29102594743287163,0.3816191073024908
thrower__biped__nchl__seed_006,Thrower-v0,biped,6,W25,0.25,3,0.3234429381773147,0.3179158391839243,0.012539139393440972,0.31461690617742033,0.3377960691705994
thrower__biped__nchl__seed_006,Thrower-v0,biped,6,W50,0.5,3,-0.13919360727345073,-0.02816321785115336,0.6076222436472706,-0.7946746180470587,0.40525701407785997
thrower__biped__nchl__seed_006,Thrower-v0,biped,6,W75,0.75,3,-0.052638645048827794,-0.22958802871723072,0.77285872093266,-0.7216778403719487,0.793349933942696
thrower__biped__nchl__seed_006,Thrower-v0,biped,6,Wfinal,1.0,3,0.20392165676209292,0.25715525066347394,0.5768638636020836,-0.3977138837876045,0.7523236034104093
thrower__biped__nchl__seed_007,Thrower-v0,biped,7,W0,0.0,3,0.3445449873232233,0.36775454919045525,0.05230369422072187,0.28465290363222473,0.3812275091469898
thrower__biped__nchl__seed_007,Thrower-v0,biped,7,W25,0.25,3,0.8336989853130962,0.8344402394762048,0.01354226268254104,0.8198013191888616,0.8468553972742223
thrower__biped__nchl__seed_007,Thrower-v0,biped,7,W50,0.5,3,0.24381905957731276,0.1432310277386722,0.46170012335848487,-0.15929462161200847,0.7475207726052746
thrower__biped__nchl__seed_007,Thrower-v0,biped,7,W75,0.75,3,0.6586201621642561,0.6219045623230605,0.09740965115595356,0.5849040043956656,0.7690519197740424
thrower__biped__nchl__seed_007,Thrower-v0,biped,7,Wfinal,1.0,3,0.860360124009334,0.8470784539318041,0.039343733180051736,0.8293761365168654,0.9046257815793329
thrower__biped__nchl__seed_008,Thrower-v0,biped,8,W0,0.0,3,0.37589910187344344,0.3865921470268576,0.10808232098615868,0.2628677047842714,0.4782374538092013
thrower__biped__nchl__seed_008,Thrower-v0,biped,8,W25,0.25,3,-0.032886147994775995,0.30483694155808794,0.6639941599202492,-0.7978563913282317,0.3943610057858158
thrower__biped__nchl__seed_008,Thrower-v0,biped,8,W50,0.5,3,0.7117151805981633,0.8068818471016311,0.23695466454360853,0.44197201245511214,0.8862916822377467
thrower__biped__nchl__seed_008,Thrower-v0,biped,8,W75,0.75,3,0.8340353340421304,0.8436646276642825,0.04160316264178441,0.7884618762811191,0.8699794981809893
thrower__biped__nchl__seed_008,Thrower-v0,biped,8,Wfinal,1.0,3,0.7103243280154877,0.8745180838974921,0.5750855823950104,0.07099883004889052,1.1854560701000805
thrower__biped__nchl__seed_009,Thrower-v0,biped,9,W0,0.0,3,0.34657032590090403,0.32543289411957355,0.05531740620801726,0.3049382547970231,0.4093398287861155
thrower__biped__nchl__seed_009,Thrower-v0,biped,9,W25,0.25,3,0.32603126349662087,0.34913763914578244,0.04935577456012774,0.26936085018442807,0.3595953011596521
thrower__biped__nchl__seed_009,Thrower-v0,biped,9,W50,0.5,3,0.280878549588517,0.23499660915206866,0.12561558467436498,0.18465404339086722,0.42298499622261515
thrower__biped__nchl__seed_009,Thrower-v0,biped,9,W75,0.75,3,0.25054500098810234,0.31841883827353024,0.13150453853382824,0.09897177709012903,0.3342443876006477
thrower__biped__nchl__seed_009,Thrower-v0,biped,9,Wfinal,1.0,3,0.348671545707782,0.36527746641165265,0.05964475082302361,0.2824835367774517,0.3982536339342416
thrower__thrower_arm__nchl__seed_000,Thrower-v0,thrower_arm,0,W0,0.0,3,0.3018430549081382,0.35825036168167573,0.12651717798844753,0.15693353991588904,0.3903452631268497
thrower__thrower_arm__nchl__seed_000,Thrower-v0,thrower_arm,0,W25,0.25,3,1.1825260751857185,1.188405181451403,0.04402906226827123,1.1358528347356502,1.2233202093701023
thrower__thrower_arm__nchl__seed_000,Thrower-v0,thrower_arm,0,W50,0.5,3,1.115796342895192,1.146448351043031,0.44854883430294,0.652707681209112,1.5482329964334332
thrower__thrower_arm__nchl__seed_000,Thrower-v0,thrower_arm,0,W75,0.75,3,1.3930328422790275,1.541642006885459,0.2886422396172631,1.0603664407425832,1.57709007920904
thrower__thrower_arm__nchl__seed_000,Thrower-v0,thrower_arm,0,Wfinal,1.0,3,1.5483999811934968,1.555429780904876,0.031579058997073424,1.5138984163969962,1.5758717462786174
thrower__thrower_arm__nchl__seed_001,Thrower-v0,thrower_arm,1,W0,0.0,3,-0.13753332929434112,0.1514448895328836,0.7455050813203584,-0.9842663550625614,0.42022147764665446
thrower__thrower_arm__nchl__seed_001,Thrower-v0,thrower_arm,1,W25,0.25,3,1.0249626277954826,0.7505427512702435,0.6367042643148065,0.5714843075641962,1.752860824552008
thrower__thrower_arm__nchl__seed_001,Thrower-v0,thrower_arm,1,W50,0.5,3,1.3867569782224736,1.2589368867515889,0.6087363531423848,0.852079966129757,2.0492540817860743
thrower__thrower_arm__nchl__seed_001,Thrower-v0,thrower_arm,1,W75,0.75,3,1.8376059782158165,2.080169831405968,0.4523791862577926,1.3156758131328838,2.1169722901085977
thrower__thrower_arm__nchl__seed_001,Thrower-v0,thrower_arm,1,Wfinal,1.0,3,2.8427533794062962,3.1338005553681034,0.5952305937364025,2.1580006047679166,3.236458978082868
thrower__thrower_arm__nchl__seed_002,Thrower-v0,thrower_arm,2,W0,0.0,3,0.2922047486319714,0.30423069084764254,0.04096342349721049,0.24657442526555062,0.32580912978272086
thrower__thrower_arm__nchl__seed_002,Thrower-v0,thrower_arm,2,W25,0.25,3,1.622088250616202,1.5202970988698594,0.41789193808022024,1.2644956467557884,2.081472006222958
thrower__thrower_arm__nchl__seed_002,Thrower-v0,thrower_arm,2,W50,0.5,3,1.3366231950837035,1.6162425261766464,0.5248166897810246,0.7312038967630985,1.6624231623113657
thrower__thrower_arm__nchl__seed_002,Thrower-v0,thrower_arm,2,W75,0.75,3,1.7250791981674212,1.7795950132442824,0.383071849905953,1.3176699239074592,2.0779726573505215
thrower__thrower_arm__nchl__seed_002,Thrower-v0,thrower_arm,2,Wfinal,1.0,3,0.28622817908126913,0.7322147702848958,1.196401479067304,-1.0691071450014975,1.1955769119604092
thrower__thrower_arm__nchl__seed_003,Thrower-v0,thrower_arm,3,W0,0.0,3,0.3243863291110869,0.32276002600890374,0.018911325277947567,0.30634067429928236,0.34405828702507457
thrower__thrower_arm__nchl__seed_003,Thrower-v0,thrower_arm,3,W25,0.25,3,0.861549900661999,0.8727756333143709,0.02278373139826063,0.8353315590624497,0.8765425096091766
thrower__thrower_arm__nchl__seed_003,Thrower-v0,thrower_arm,3,W50,0.5,3,0.4604239528291641,0.35599020171550594,0.21196697580442278,0.3209374310428042,0.7043442257291823
thrower__thrower_arm__nchl__seed_003,Thrower-v0,thrower_arm,3,W75,0.75,3,0.7661615323637334,0.7654080122204502,0.40884997595357925,0.35768883726539735,1.1753877476053527
thrower__thrower_arm__nchl__seed_003,Thrower-v0,thrower_arm,3,Wfinal,1.0,3,1.0518700254953675,1.138779400907063,0.2687460270001749,0.7504240639496077,1.2664066116294317
thrower__thrower_arm__nchl__seed_004,Thrower-v0,thrower_arm,4,W0,0.0,3,0.3827668100114332,0.3870449852434109,0.12284905159420222,0.25783455324459814,0.5034208915462905
thrower__thrower_arm__nchl__seed_004,Thrower-v0,thrower_arm,4,W25,0.25,3,0.8071387900526462,0.8082671574371074,0.00625716812799615,0.8003942145228156,0.8127549981980158
thrower__thrower_arm__nchl__seed_004,Thrower-v0,thrower_arm,4,W50,0.5,3,0.41679540465793213,0.4459663392454306,0.05733603041847447,0.350739433037752,0.4536804416906139
thrower__thrower_arm__nchl__seed_004,Thrower-v0,thrower_arm,4,W75,0.75,3,0.05668022713526418,0.7054544395381181,1.171890865519596,-1.2961266458341203,0.7607128877017947
thrower__thrower_arm__nchl__seed_004,Thrower-v0,thrower_arm,4,Wfinal,1.0,3,1.208280595330694,1.1167149621690258,0.4252131077503567,0.8363099102858765,1.6718169135371803
thrower__thrower_arm__nchl__seed_005,Thrower-v0,thrower_arm,5,W0,0.0,3,0.32300863694692233,0.3248731413198029,0.10433072163807991,0.21775815914719268,0.42639461037377147
thrower__thrower_arm__nchl__seed_005,Thrower-v0,thrower_arm,5,W25,0.25,3,1.1871877376324944,1.1867618984470234,0.4154792007227659,0.7719216201740577,1.6028796942764025
thrower__thrower_arm__nchl__seed_005,Thrower-v0,thrower_arm,5,W50,0.5,3,1.4820860931482798,1.4641422479664294,0.6861407918511284,0.8050932206825189,2.1770228107958904
thrower__thrower_arm__nchl__seed_005,Thrower-v0,thrower_arm,5,W75,0.75,3,1.818220727374241,1.7251219788738539,0.26114201884939514,1.6163860818496432,2.1131541213992264
thrower__thrower_arm__nchl__seed_005,Thrower-v0,thrower_arm,5,Wfinal,1.0,3,1.9486287393355262,2.0911090352223973,0.2819006848132398,1.6239275094462309,2.1308496733379503
thrower__thrower_arm__nchl__seed_006,Thrower-v0,thrower_arm,6,W0,0.0,3,-0.12181517967173279,0.2917864819289166,0.7827593014560689,-1.024613404976433,0.367381384032318
thrower__thrower_arm__nchl__seed_006,Thrower-v0,thrower_arm,6,W25,0.25,3,1.135419168377899,0.928288663014347,0.37365585403165785,0.9112018520249453,1.5667669900944046
thrower__thrower_arm__nchl__seed_006,Thrower-v0,thrower_arm,6,W50,0.5,3,0.6597230211788917,0.7328302387514594,0.22110065477470864,0.41132748878941067,0.835011335995805
thrower__thrower_arm__nchl__seed_006,Thrower-v0,thrower_arm,6,W75,0.75,3,0.5933210333657826,0.4600794972563777,0.2428483310142405,0.4462590186142731,0.873624584226697
thrower__thrower_arm__nchl__seed_006,Thrower-v0,thrower_arm,6,Wfinal,1.0,3,0.6379780886264551,0.6404732008697731,0.17455821761672757,0.4621856897030142,0.811275375306578
thrower__thrower_arm__nchl__seed_007,Thrower-v0,thrower_arm,7,W0,0.0,3,0.29206091937385276,0.24978457663504905,0.11549909915090846,0.20365651893601255,0.42274166255049667
thrower__thrower_arm__nchl__seed_007,Thrower-v0,thrower_arm,7,W25,0.25,3,1.25061655738326,1.277174414990368,0.407666328419549,0.830320619750141,1.6443546374092706
thrower__thrower_arm__nchl__seed_007,Thrower-v0,thrower_arm,7,W50,0.5,3,0.8968129491381176,0.8152535432493513,0.2069590473805308,0.743059634895288,1.1321256692697135
thrower__thrower_arm__nchl__seed_007,Thrower-v0,thrower_arm,7,W75,0.75,3,0.8672415036299891,0.7906208871969223,0.17412450540916394,0.7445663956217955,1.0665372280712495
thrower__thrower_arm__nchl__seed_007,Thrower-v0,thrower_arm,7,Wfinal,1.0,3,1.1775685833899059,1.1487458810925502,0.3745071290957836,0.8183055728039653,1.565654296273202
thrower__thrower_arm__nchl__seed_008,Thrower-v0,thrower_arm,8,W0,0.0,3,0.41455500298666137,0.45634401509746475,0.09829802650146259,0.30226705699061307,0.4850539368719064
thrower__thrower_arm__nchl__seed_008,Thrower-v0,thrower_arm,8,W25,0.25,3,0.9777911592414,0.7564225813900863,0.4858324216857338,0.6420674436285071,1.5348834527056066
thrower__thrower_arm__nchl__seed_008,Thrower-v0,thrower_arm,8,W50,0.5,3,1.943679096441776,2.09461010215996,0.28194045144263186,1.6184030818055608,2.1180241053598072
thrower__thrower_arm__nchl__seed_008,Thrower-v0,thrower_arm,8,W75,0.75,3,1.8510539882093724,1.9828304705298787,0.36787208344044164,1.4354428727540052,2.1348886213442335
thrower__thrower_arm__nchl__seed_008,Thrower-v0,thrower_arm,8,Wfinal,1.0,3,2.1591084473334803,1.6521853849107653,0.960997881775893,1.5577081854076453,3.2674317716820296
thrower__thrower_arm__nchl__seed_009,Thrower-v0,thrower_arm,9,W0,0.0,3,0.3635110770817298,0.32791642968120327,0.1208727728776957,0.2644324279284285,0.49818437363555756
thrower__thrower_arm__nchl__seed_009,Thrower-v0,thrower_arm,9,W25,0.25,3,0.8205657679478002,0.8274226056637675,0.07335871695550138,0.7440193678146197,0.8902553303650134
thrower__thrower_arm__nchl__seed_009,Thrower-v0,thrower_arm,9,W50,0.5,3,0.6751596538121641,0.8436630049317033,0.29793758808238174,0.33115468782384005,0.8506612686809489
thrower__thrower_arm__nchl__seed_009,Thrower-v0,thrower_arm,9,W75,0.75,3,0.8076234657649697,0.8192246218544557,0.03408356997643808,0.7692537362824123,0.8343920391580412
thrower__thrower_arm__nchl__seed_009,Thrower-v0,thrower_arm,9,Wfinal,1.0,3,0.8262192417387522,0.8343920391580412,0.014155700370176416,0.809873646900174,0.8343920391580412
walker__biped__nchl__seed_000,Walker-v0,biped,0,W0,0.0,3,-0.015474997364334664,-0.01566957331080915,0.00042239810715832295,-0.01576504040163118,-0.014990378380563663
walker__biped__nchl__seed_000,Walker-v0,biped,0,W25,0.25,3,3.7243256820189465,3.6176181836402694,0.2903871198125748,3.5023890178347603,4.05296984458181
walker__biped__nchl__seed_000,Walker-v0,biped,0,W50,0.5,3,4.3116634128708275,4.193327124834239,0.4677082190079003,3.914489174101994,4.827173939676249
walker__biped__nchl__seed_000,Walker-v0,biped,0,W75,0.75,3,3.0585346959839987,3.30940379127751,1.235128927896047,1.7172292706139543,4.148971026060531
walker__biped__nchl__seed_000,Walker-v0,biped,0,Wfinal,1.0,3,3.4671493674572873,4.5943784638105996,1.958520596223661,1.2056482361770502,4.601421402384213
walker__biped__nchl__seed_001,Walker-v0,biped,1,W0,0.0,3,0.005625376869633825,0.013272942066584137,0.019642541243983236,-0.016690714574423005,0.02029390311674034
walker__biped__nchl__seed_001,Walker-v0,biped,1,W25,0.25,3,0.6139223393248331,-1.0450440779929702,3.258157180082235,-1.4808825756080946,4.367693671575564
walker__biped__nchl__seed_001,Walker-v0,biped,1,W50,0.5,3,-1.1832092567503476,-1.1164380525813637,0.14117676017422165,-1.3453857060781806,-1.0878040115914986
walker__biped__nchl__seed_001,Walker-v0,biped,1,W75,0.75,3,-1.2345077485679465,-1.4186969349529144,0.37030393832519487,-1.4765998763164394,-0.8082264344344856
walker__biped__nchl__seed_001,Walker-v0,biped,1,Wfinal,1.0,3,-1.4522247693912809,-1.4463296122918363,0.10899714059426537,-1.5640498570960426,-1.3462948387859637
walker__biped__nchl__seed_002,Walker-v0,biped,2,W0,0.0,3,0.0030731353807351147,0.014835410105681457,0.023007790006860505,-0.023437957652338914,0.0178219536888628
walker__biped__nchl__seed_002,Walker-v0,biped,2,W25,0.25,3,2.7157177568127264,2.536605953231545,0.7524319694928856,2.069003945740996,3.5415433714656386
walker__biped__nchl__seed_002,Walker-v0,biped,2,W50,0.5,3,2.9544443104043516,2.605934353545722,0.6726814125920533,2.527528855158957,3.729869722508375
walker__biped__nchl__seed_002,Walker-v0,biped,2,W75,0.75,3,2.4640321104548284,2.0378369019352327,0.9332453396205289,1.8199744795911161,3.5342849498381366
walker__biped__nchl__seed_002,Walker-v0,biped,2,Wfinal,1.0,3,2.5496699876316318,2.4459166081835892,0.19640155531026499,2.4269041907777185,2.776189163933587
walker__biped__nchl__seed_003,Walker-v0,biped,3,W0,0.0,3,0.005324300189922082,0.012878426153784317,0.015172938278233178,-0.012142884839918267,0.015237359255900196
walker__biped__nchl__seed_003,Walker-v0,biped,3,W25,0.25,3,0.44950965770406287,-0.7931116501657398,2.3136737055774956,-0.9773508798881637,3.118991503166092
walker__biped__nchl__seed_003,Walker-v0,biped,3,W50,0.5,3,0.4683923504718888,-0.4862109094559337,3.391042534240268,-2.343032054235991,4.234420015107591
walker__biped__nchl__seed_003,Walker-v0,biped,3,W75,0.75,3,-1.240316207233972,-1.4068854044540111,0.36670933757775215,-1.4941766296013022,-0.8198865876466027
walker__biped__nchl__seed_003,Walker-v0,biped,3,Wfinal,1.0,3,1.2413452404055583,0.7692268719871926,1.0451690298541445,0.515527880760105,2.439280968469377
walker__biped__nchl__seed_004,Walker-v0,biped,4,W0,0.0,3,-0.0174493617717633,-0.01694087399225147,0.004603309187661337,-0.02228580334503011,-0.013121407978008315
walker__biped__nchl__seed_004,Walker-v0,biped,4,W25,0.25,3,3.46855673298483,3.391835496570126,0.14458960870932772,3.3784979451081885,3.6353367572761766
walker__biped__nchl__seed_004,Walker-v0,biped,4,W50,0.5,3,3.547768009248157,3.6725996161225174,0.5542528617445032,2.9417447765057423,4.028959635116211
walker__biped__nchl__seed_004,Walker-v0,biped,4,W75,0.75,3,3.642694452899155,3.940514984750523,0.6288262515796443,2.9202864513358033,4.067281922611139
walker__biped__nchl__seed_004,Walker-v0,biped,4,Wfinal,1.0,3,3.9497021925186204,3.945872041228758,0.14179887581490086,3.809857193960015,4.093377342367089
walker__biped__nchl__seed_005,Walker-v0,biped,5,W0,0.0,3,0.0055290348062021115,0.01349332009842752,0.020448340973232056,-0.017703101824210754,0.02079688614438957
walker__biped__nchl__seed_005,Walker-v0,biped,5,W25,0.25,3,3.1710488195430897,4.212437646937232,2.002542512142541,0.8623922989846489,4.438316512707388
walker__biped__nchl__seed_005,Walker-v0,biped,5,W50,0.5,3,3.4576618995760264,3.628327664701149,0.6016609113943611,2.7891045750011427,3.955553459025789
walker__biped__nchl__seed_005,Walker-v0,biped,5,W75,0.75,3,4.006354976247546,3.9491378995675195,0.5111492343587926,3.5262217388430024,4.543705290332114
walker__biped__nchl__seed_005,Walker-v0,biped,5,Wfinal,1.0,3,3.912400580467873,4.593073721604066,1.4854290580844245,2.2086079076348666,4.935520112164688
walker__biped__nchl__seed_006,Walker-v0,biped,6,W0,0.0,3,-0.007207711910982036,-0.01604521785905272,0.01689049917025483,-0.017845944979436756,0.012268027105543367
walker__biped__nchl__seed_006,Walker-v0,biped,6,W25,0.25,3,-1.2744140962420103,-1.1368767184515822,1.4929909934101622,-2.8314148600122295,0.14504928973778058
walker__biped__nchl__seed_006,Walker-v0,biped,6,W50,0.5,3,-0.547840717543319,-0.5234988164238262,0.18878466219736267,-0.7476156461216271,-0.3724076900845038
walker__biped__nchl__seed_006,Walker-v0,biped,6,W75,0.75,3,-0.1101916992933303,0.048116287142164926,0.44283075997886623,-0.6104193417180955,0.2317279566959397
walker__biped__nchl__seed_006,Walker-v0,biped,6,Wfinal,1.0,3,-1.0044546072610343,-0.8855224308909214,0.25722133732731695,-1.2996200154373767,-0.8282213754548047
walker__biped__nchl__seed_007,Walker-v0,biped,7,W0,0.0,3,0.014330994802557265,0.014306685542308184,0.0019078984244908957,0.012435367161804323,0.01625093170355929
walker__biped__nchl__seed_007,Walker-v0,biped,7,W25,0.25,3,3.05552508941093,3.175962337849975,0.44154109925747287,2.5662613693974796,3.424351560985337
walker__biped__nchl__seed_007,Walker-v0,biped,7,W50,0.5,3,3.14153589995753,2.927132194131328,0.4693188833512523,2.817711648712124,3.6797638570291378
walker__biped__nchl__seed_007,Walker-v0,biped,7,W75,0.75,3,4.156798233394704,4.262067171717442,0.4549189945657679,3.6584731433032633,4.549854385163404
walker__biped__nchl__seed_007,Walker-v0,biped,7,Wfinal,1.0,3,4.411272664035012,4.492590409347869,0.34734096092499445,4.030486886592703,4.710740696164464
walker__biped__nchl__seed_008,Walker-v0,biped,8,W0,0.0,3,0.005656667886900187,0.013517930526219746,0.014117874783823542,-0.010641857380334074,0.01409393051481489
walker__biped__nchl__seed_008,Walker-v0,biped,8,W25,0.25,3,3.447396360009097,3.2910286339975263,0.34358133524811507,3.2098113445177203,3.8413491015120442
walker__biped__nchl__seed_008,Walker-v0,biped,8,W50,0.5,3,3.905857995818804,3.7256917156007647,0.8439617291288494,3.166527798780142,4.825354473075505
walker__biped__nchl__seed_008,Walker-v0,biped,8,W75,0.75,3,1.8512155487908186,1.4071326007980096,1.524785707476593,0.5977692372730882,3.5487448083013584
walker__biped__nchl__seed_008,Walker-v0,biped,8,Wfinal,1.0,3,3.166094892820938,3.5829231152180405,1.731477047811488,1.2642512903656817,4.65111027287909
walker__biped__nchl__seed_009,Walker-v0,biped,9,W0,0.0,3,0.0022504281303348437,0.011253683753570665,0.020448554492476564,-0.021154887733321692,0.016652488370755558
walker__biped__nchl__seed_009,Walker-v0,biped,9,W25,0.25,3,3.262082587523641,3.0547485799351177,0.5283281533463482,2.8688692288650035,3.862629953770801
walker__biped__nchl__seed_009,Walker-v0,biped,9,W50,0.5,3,2.3607208680319354,3.7223276205316376,2.5878781056548794,-0.6236956220867134,3.9835306056508815
walker__biped__nchl__seed_009,Walker-v0,biped,9,W75,0.75,3,3.708979378913335,3.9350753547374078,0.4128647596506725,3.2324513130760737,3.9594114689265245
walker__biped__nchl__seed_009,Walker-v0,biped,9,Wfinal,1.0,3,3.569871943927526,3.732502541838259,0.37437483567721536,3.141684933736233,3.8354283562080864
