run_id,source_run,config_digest,task,morphology,controller,training_seed,n_heldout_episodes,mean_fitness,median_fitness,std_fitness,min_fitness,max_fitness
carrier__biped__nchl__seed_000,/home/rowanli.tangalin/tpr/tpr/results/hpc_rq1/nominal/carrier/biped/nchl/seed_000,4a3d60bfbae110cc2ae817b182f8e6175b8b040eb98b466606818ece568fa0db,Carrier-v0,biped,nchl,0,10,1.4233419034810921,1.5339959474155298,0.43035946145756904,0.6348454683783658,1.984216550400336
carrier__biped__nchl__seed_001,/home/rowanli.tangalin/tpr/tpr/results/hpc_rq1/nominal/carrier/biped/nchl/seed_001,fc165def04eedc1fd39ccf612741552d9574a5a8228c644a7661cafd62ea43f0,Carrier-v0,biped,nchl,1,10,1.7833843611130415,2.09949264014695,0.6931073896419107,0.23765533997028623,2.3747305823438496
carrier__biped__nchl__seed_002,/home/rowanli.tangalin/tpr/tpr/results/hpc_rq1/nominal/carrier/biped/nchl/seed_002,c46b349c32b84b18b55b1db6867a934cedf5926fbed8b7b83ac07cb27e38fbc6,Carrier-v0,biped,nchl,2,10,1.5122864902269864,1.8366080242654208,0.8895666802716754,-0.14495176754473704,2.423734487221015
carrier__biped__nchl__seed_003,/home/rowanli.tangalin/tpr/tpr/results/hpc_rq1/nominal/carrier/biped/nchl/seed_003,dd90ace3a112904155ff3289426075ff7c4eea3913621e63d1815172815cf404,Carrier-v0,biped,nchl,3,10,0.7832221743026169,0.7889149716337777,0.43412410522568506,-0.02251346468344692,1.392420269051381
carrier__biped__nchl__seed_004,/home/rowanli.tangalin/tpr/tpr/results/hpc_rq1/nominal/carrier/biped/nchl/seed_004,02a112f7f3c173167135d33f72892b6d09a8a7130df309d7adfad5707dc12442,Carrier-v0,biped,nchl,4,10,1.2064933621767073,1.2117849149957323,0.36077817345270846,0.6766049724031414,1.6861134624903473
carrier__biped__nchl__seed_005,/home/rowanli.tangalin/tpr/tpr/results/hpc_rq1/nominal/carrier/biped/nchl/seed_005,59576d974c40b5d6b64196be05d1cbb1da4280930f2f42a519aee7be5e9074e3,Carrier-v0,biped,nchl,5,10,0.9277519324874313,0.9648017805191407,0.27803344527899004,0.5364998643714424,1.290260992759576
carrier__biped__nchl__seed_006,/home/rowanli.tangalin/tpr/tpr/results/hpc_rq1/nominal/carrier/biped/nchl/seed_006,5c7ed5b35412f661a01011a05217ec60a319583f52660088f2aa311eaa0ccaa4,Carrier-v0,biped,nchl,6,10,1.2171656447585606,1.2731622139374186,0.6460567856301553,-0.5909873874934127,1.7401625379442887
carrier__biped__nchl__seed_007,/home/rowanli.tangalin/tpr/tpr/results/hpc_rq1/nominal/carrier/biped/nchl/seed_007,3ed6918f77319552df9435be1863d69c413ca688a3729a33fe31775171199a4e,Carrier-v0,biped,nchl,7,10,1.0359372083728045,1.0860846927567471,0.23723540830382658,0.3808469553962802,1.2867077654065147
carrier__biped__nchl__seed_008,/home/rowanli.tangalin/tpr/tpr/results/hpc_rq1/nominal/carrier/biped/nchl/seed_008,ad265df0c69f27ccea7fb58a3c9ec91b1fa68e9775fc9f92d27b0e8694f4d3d8,Carrier-v0,biped,nchl,8,10,1.0428673495109697,1.1147609100464742,0.44261866711840175,0.17096172230804216,1.7647556783045555
carrier__biped__nchl__seed_009,/home/rowanli.tangalin/tpr/tpr/results/hpc_rq1/nominal/carrier/biped/nchl/seed_009,c1aac2e2d985f35c2aed40f3b6e71308304409cd7f9dbaf26bc19dc41617ecbf,Carrier-v0,biped,nchl,9,10,0.977485288394584,0.9796565291984308,0.22846762723968184,0.3830776827225243,1.26423185390817
carrier__biped__static__seed_000,/home/rowanli.tangalin/tpr/tpr/results/hpc_rq1/nominal/carrier/biped/static/seed_000,7481dfaf521a1080c442ee4538ecacd6db02caa97888d55b278d95afbd10ba4d,Carrier-v0,biped,static,0,10,2.3682785833712883,2.3682785833712883,0.0,2.3682785833712883,2.3682785833712883
carrier__biped__static__seed_001,/home/rowanli.tangalin/tpr/tpr/results/hpc_rq1/nominal/carrier/biped/static/seed_001,7a24d056f998b3e3eb1c4e16b634d1c3cc1b5039b4262ce34cc21dafe29f2bf5,Carrier-v0,biped,static,1,10,2.4884293793386227,2.4884293793386227,0.0,2.4884293793386227,2.4884293793386227
carrier__biped__static__seed_002,/home/rowanli.tangalin/tpr/tpr/results/hpc_rq1/nominal/carrier/biped/static/seed_002,36643fca2368b4b41d31f141557806455a8ac8e36ac34f5ede9bfa68408f3a3a,Carrier-v0,biped,static,2,10,2.3495740753949192,2.3495740753949192,0.0,2.3495740753949192,2.3495740753949192
carrier__biped__static__seed_003,/home/rowanli.tangalin/tpr/tpr/results/hpc_rq1/nominal/carrier/biped/static/seed_003,d6b98b2a57ece69936d50e94ad53bd58a768503647d0f25a5373728a475110d6,Carrier-v0,biped,static,3,10,2.103006815171148,2.1030068151711476,4.440892098500626e-16,2.1030068151711476,2.1030068151711476
carrier__biped__static__seed_004,/home/rowanli.tangalin/tpr/tpr/results/hpc_rq1/nominal/carrier/biped/static/seed_004,d948692e7f8a79421274dd9f6cc7e45facb803f46ae8d63be0c21cd679d2c447,Carrier-v0,biped,static,4,10,1.6010339847547506,1.6010339847547508,2.220446049250313e-16,1.6010339847547508,1.6010339847547508
carrier__biped__static__seed_005,/home/rowanli.tangalin/tpr/tpr/results/hpc_rq1/nominal/carrier/biped/static/seed_005,12119ee8789a72d4de39b07306bcf72120a1202a3951da7a7da699ab126564df,Carrier-v0,biped,static,5,10,1.8164150296966681,1.8164150296966681,0.0,1.8164150296966681,1.8164150296966681
carrier__biped__static__seed_006,/home/rowanli.tangalin/tpr/tpr/results/hpc_rq1/nominal/carrier/biped/static/seed_006,17aa5b283be0549004b5c74b1922ff57d10e25652c263eeb3db88e9c4c402d1d,Carrier-v0,biped,static,6,10,2.1317182655789955,2.131718265578995,4.440892098500626e-16,2.131718265578995,2.131718265578995
carrier__biped__static__seed_007,/home/rowanli.tangalin/tpr/tpr/results/hpc_rq1/nominal/carrier/biped/static/seed_007,9df9c78c523c4c7311c5ceb12610711107d640e21680ded48beb9a736179b207,Carrier-v0,biped,static,7,10,2.8868604720673128,2.8868604720673128,0.0,2.8868604720673128,2.8868604720673128
carrier__biped__static__seed_008,/home/rowanli.tangalin/tpr/tpr/results/hpc_rq1/nominal/carrier/biped/static/seed_008,0e57e49c802f65dcd589faf4763afdbb3a1af4c70d81ce497abc0cf1b619bc88,Carrier-v0,biped,static,8,10,2.8325223080271376,2.8325223080271376,0.0,2.8325223080271376,2.8325223080271376
carrier__biped__static__seed_009,/home/rowanli.tangalin/tpr/tpr/results/hpc_rq1/nominal/carrier/biped/static/seed_009,275e79bc26c7759cff176a3e56034b3c8048a5980e26ece38dd43fea1cde46fc,Carrier-v0,biped,static,9,10,1.3634984236315244,1.3634984236315244,0.0,1.3634984236315244,1.3634984236315244
jumper__biped__nchl__seed_000,/home/rowanli.tangalin/tpr/tpr/results/hpc_rq1/nominal/jumper/biped/nchl/seed_000,872315b412cee97f007c35ed1fff6f53dfb4a69da57fc5eabde7fd62939bbe6b,Jumper-v0,biped,nchl,0,10,0.20023978156686115,0.1987666613328734,0.004313379158892266,0.1929824129688329,0.20704211318818333
jumper__biped__nchl__seed_001,/home/rowanli.tangalin/tpr/tpr/results/hpc_rq1/nominal/jumper/biped/nchl/seed_001,2d7488e64d9132742d6e7e9a1270351f534764b5c243f88632db05f034f7af03,Jumper-v0,biped,nchl,1,10,0.0672382157809277,-0.13076826913213851,0.3991852297989296,-0.13634366828028766,0.9228811947168453
jumper__biped__nchl__seed_002,/home/rowanli.tangalin/tpr/tpr/results/hpc_rq1/nominal/jumper/biped/nchl/seed_002,8dfeba175fb7eb5c4af1378c5bb8b090486ea3a9266700a74aa62655d39623f8,Jumper-v0,biped,nchl,2,10,0.16409521494233567,0.18300214305589785,0.10660187590724536,-0.04767011886034622,0.39556279936723227
jumper__biped__nchl__seed_003,/home/rowanli.tangalin/tpr/tpr/results/hpc_rq1/nominal/jumper/biped/nchl/seed_003,b7330d259859e51fa161413a9d13b9589759e4bfac05cedcac337b8322db95ce,Jumper-v0,biped,nchl,3,10,-0.28703299387110476,-0.03359481554768756,0.6433507144613244,-1.627242845924568,0.3097098093883349
jumper__biped__nchl__seed_004,/home/rowanli.tangalin/tpr/tpr/results/hpc_rq1/nominal/jumper/biped/nchl/seed_004,3d170b303eb034a44dff579fb2b38138922d597102744ab15a96df0b98f3621e,Jumper-v0,biped,nchl,4,10,0.17253017040532073,0.19032618369787868,0.12412963310782477,-0.003132228909313306,0.4797086290791641
jumper__biped__nchl__seed_005,/home/rowanli.tangalin/tpr/tpr/results/hpc_rq1/nominal/jumper/biped/nchl/seed_005,4d326e23ecf3d532353d23b80bf92ab5c762bcdbed32c4a7962b4dda18522331,Jumper-v0,biped,nchl,5,10,0.22993258962494392,0.019374892910451746,0.30380696038665167,-0.0709112066288703,0.714005415745162
jumper__biped__nchl__seed_006,/home/rowanli.tangalin/tpr/tpr/results/hpc_rq1/nominal/jumper/biped/nchl/seed_006,e581d803244e54df0bab78f078df05708a68027df13e734952b5fc1de4915b7f,Jumper-v0,biped,nchl,6,10,-0.05595170909097526,0.007585686223617882,0.37911185884409204,-0.7704442292974101,0.3942858658434667
jumper__biped__nchl__seed_007,/home/rowanli.tangalin/tpr/tpr/results/hpc_rq1/nominal/jumper/biped/nchl/seed_007,9d38fb066983b9e715bc2130dbce759c2b50aa4d458452aeaae5656f36c5bbf5,Jumper-v0,biped,nchl,7,10,0.09335180870258702,0.10473320532661617,0.06701732235429193,-0.059096097570350836,0.21925246621463668
jumper__biped__nchl__seed_008,/home/rowanli.tangalin/tpr/tpr/results/hpc_rq1/nominal/jumper/biped/nchl/seed_008,17aece822f94a514674ab91416f8706dc0a999faff4bdf31d2335a917c51b138,Jumper-v0,biped,nchl,8,10,-0.07750289415452388,0.14806650457892534,0.4499142860159306,-1.1870228835749823,0.3767100392188494
jumper__biped__nchl__seed_009,/home/rowanli.tangalin/tpr/tpr/results/hpc_rq1/nominal/jumper/biped/nchl/seed_009,dd6493e763e8b52272d6e23ac84bf3442efdf77ecb9f951091eff2a2060df0a2,Jumper-v0,biped,nchl,9,10,-0.2657957373093634,-0.13372303540060998,1.212906537072391,-2.1618051825209967,1.055138465742892
jumper__biped__static__seed_000,/home/rowanli.tangalin/tpr/tpr/results/hpc_rq1/nominal/jumper/biped/static/seed_000,2ea7f4d6430209eea15ca2d735cc2a545f240d7d69db5fe0ce0e89cfe0306769,Jumper-v0,biped,static,0,10,0.2556993067467833,0.2556993067467833,0.0,0.2556993067467833,0.2556993067467833
jumper__biped__static__seed_001,/home/rowanli.tangalin/tpr/tpr/results/hpc_rq1/nominal/jumper/biped/static/seed_001,7991e3de365329ae877fc9cdd8e73a524f0e712cc76a81c558333b671d837a02,Jumper-v0,biped,static,1,10,0.25206464625007535,0.2520646462500753,5.551115123125783e-17,0.2520646462500753,0.2520646462500753
jumper__biped__static__seed_002,/home/rowanli.tangalin/tpr/tpr/results/hpc_rq1/nominal/jumper/biped/static/seed_002,34c102789e3b93aa2cee80a754a7d11a954626a953e5f66fa4bec8513b19d5de,Jumper-v0,biped,static,2,10,0.25700832328505896,0.25700832328505896,0.0,0.25700832328505896,0.25700832328505896
jumper__biped__static__seed_003,/home/rowanli.tangalin/tpr/tpr/results/hpc_rq1/nominal/jumper/biped/static/seed_003,db455981d4b74b4bd51aec3f36a880cfffab1a13397dbde40afbb06363271fae,Jumper-v0,biped,static,3,10,0.23724927933973908,0.23724927933973905,2.7755575615628914e-17,0.23724927933973905,0.23724927933973905
jumper__biped__static__seed_004,/home/rowanli.tangalin/tpr/tpr/results/hpc_rq1/nominal/jumper/biped/static/seed_004,5aff64f671cfe2dfdadd64d38bca80967df7026c419b68df30d01b204d0541d9,Jumper-v0,biped,static,4,10,0.24465312966855227,0.24465312966855224,2.7755575615628914e-17,0.24465312966855224,0.24465312966855224
jumper__biped__static__seed_005,/home/rowanli.tangalin/tpr/tpr/results/hpc_rq1/nominal/jumper/biped/static/seed_005,fe7da90b51997cb80cd640a745f5d8b9c8c3f74d53079b2374d144ec903eb8a1,Jumper-v0,biped,static,5,10,0.25472526669536755,0.25472526669536755,0.0,0.25472526669536755,0.25472526669536755
jumper__biped__static__seed_006,/home/rowanli.tangalin/tpr/tpr/results/hpc_rq1/nominal/jumper/biped/static/seed_006,908d5e0947b1e06cc4b56a682b99aa149e7dcfbad3d699e3c844151a7b9e0fc8,Jumper-v0,biped,static,6,10,0.2594361993438027,0.2594361993438027,0.0,0.2594361993438027,0.2594361993438027
jumper__biped__static__seed_007,/home/rowanli.tangalin/tpr/tpr/results/hpc_rq1/nominal/jumper/biped/static/seed_007,704e9cab57822d8db97108fceb2bc5ea665c40eb040480779910087ab1071f08,Jumper-v0,biped,static,7,10,0.22645150628257565,0.2264515062825756,5.551115123125783e-17,0.2264515062825756,0.2264515062825756
jumper__biped__static__seed_008,/home/rowanli.tangalin/tpr/tpr/results/hpc_rq1/nominal/jumper/biped/static/seed_008,4d3d3c98b1f56896bd067218a95e7297ef5c50d1653b0b5c8defe61ed350cc3a,Jumper-v0,biped,static,8,10,0.3278770272319792,0.3278770272319792,0.0,0.3278770272319792,0.3278770272319792
jumper__biped__static__seed_009,/home/rowanli.tangalin/tpr/tpr/results/hpc_rq1/nominal/jumper/biped/static/seed_009,26dc2708932098cfdc86320ad3008f1281a757efda869ffc3b96162a2064b435,Jumper-v0,biped,static,9,10,0.2591625094633477,0.2591625094633476,5.551115123125783e-17,0.2591625094633476,0.2591625094633476
thrower__biped__nchl__seed_000,/home/rowanli.tangalin/tpr/tpr/results/hpc_rq1/nominal/thrower/biped/nchl/seed_000,85f126dee04b2643fd0a4d9b2ef470847203371bbbe8b42ed6421f202795e987,Thrower-v0,biped,nchl,0,10,1.3085319113806069,1.5345898051241502,0.45913945611658724,0.07407144586219025,1.694851595711868
thrower__biped__nchl__seed_001,/home/rowanli.tangalin/tpr/tpr/results/hpc_rq1/nominal/thrower/biped/nchl/seed_001,61c08966474b56dd6b98017a698cbb37b8b727f4a69ae24d377b42e027741555,Thrower-v0,biped,nchl,1,10,1.5714858900529145,1.6975164402809628,0.21653179864395947,1.2155750960933935,1.7586981152457415
thrower__biped__nchl__seed_002,/home/rowanli.tangalin/tpr/tpr/results/hpc_rq1/nominal/thrower/biped/nchl/seed_002,d80ec06808ec47fdf5b72777017b12eafdb3c945892b323b16599af5b95527ee,Thrower-v0,biped,nchl,2,10,1.2054088478611564,1.2294161107867754,0.25003035064235446,0.783626053617992,1.7562725978335068
thrower__biped__nchl__seed_003,/home/rowanli.tangalin/tpr/tpr/results/hpc_rq1/nominal/thrower/biped/nchl/seed_003,57ac6a2fa248a33477e504320336e3b55e66ca312ca9c8c0f68fcf09dad7fbae,Thrower-v0,biped,nchl,3,10,1.1302210336352763,1.2740294262199132,0.3959517054564221,-0.054403555549809614,1.2886727688924986
thrower__biped__nchl__seed_004,/home/rowanli.tangalin/tpr/tpr/results/hpc_rq1/nominal/thrower/biped/nchl/seed_004,49d045e37cb26992b0baf20938b565e78c5cd47cb678ec5007a6d626bd4b858f,Thrower-v0,biped,nchl,4,10,0.9821566062197402,1.1931261582337704,0.4168859490045341,0.3678312113652049,1.6376430662117036
thrower__biped__nchl__seed_005,/home/rowanli.tangalin/tpr/tpr/results/hpc_rq1/nominal/thrower/biped/nchl/seed_005,55f9470589187f844cbca3c99c1228d620e3cd3b9f48f2d30134c47f9a10f22c,Thrower-v0,biped,nchl,5,10,1.2763736424216956,1.2455511139696522,0.1350569583543154,1.1738289808579276,1.6659524286468133
thrower__biped__nchl__seed_006,/home/rowanli.tangalin/tpr/tpr/results/hpc_rq1/nominal/thrower/biped/nchl/seed_006,fc393af65600376e2f98ff47e06159dc842b6adfc5910101c29da53f1f9725b5,Thrower-v0,biped,nchl,6,10,1.2454866490165757,1.1511335962777391,0.21054700523971803,1.0772168096533916,1.7274984425785995
thrower__biped__nchl__seed_007,/home/rowanli.tangalin/tpr/tpr/results/hpc_rq1/nominal/thrower/biped/nchl/seed_007,16cbc6c4b3eb41025ec2c1e0622e099ad6e12a8dab950cbb6e0e239ec33c78e2,Thrower-v0,biped,nchl,7,10,1.1838930439887225,1.2011959338644456,0.27508765976611166,0.8039204724891981,1.6667473648414015
thrower__biped__nchl__seed_008,/home/rowanli.tangalin/tpr/tpr/results/hpc_rq1/nominal/thrower/biped/nchl/seed_008,89479f2c5e55b30dfa240041e89c07044bd88e4c380d9b52a4635807282e3882,Thrower-v0,biped,nchl,8,10,1.1899807388086387,1.1665820495593495,0.06969478801529208,1.0510434053297908,1.2859284956560697
thrower__biped__nchl__seed_009,/home/rowanli.tangalin/tpr/tpr/results/hpc_rq1/nominal/thrower/biped/nchl/seed_009,98722ce097a22114dfda873eacbddad1a417b8e2e5716ed9a13401116eaf3ce4,Thrower-v0,biped,nchl,9,10,1.0518247277159651,1.1941410185868269,0.4597695805987643,-0.3240451776102007,1.2839086727271989
thrower__biped__static__seed_000,/home/rowanli.tangalin/tpr/tpr/results/hpc_rq1/nominal/thrower/biped/static/seed_000,c4b3747d237c45a7d3e671d2ab7b7a2e372a2f091fdccc436c793832a53e428f,Thrower-v0,biped,static,0,10,1.7940387330517056,1.7940387330517054,2.220446049250313e-16,1.7940387330517054,1.7940387330517054
thrower__biped__static__seed_001,/home/rowanli.tangalin/tpr/tpr/results/hpc_rq1/nominal/thrower/biped/static/seed_001,56d325f4247b166a1111cce9b3cb6388bd6985374535603edb434169283f1030,Thrower-v0,biped,static,1,10,1.8012129784679973,1.8012129784679973,0.0,1.8012129784679973,1.8012129784679973
thrower__biped__static__seed_002,/home/rowanli.tangalin/tpr/tpr/results/hpc_rq1/nominal/thrower/biped/static/seed_002,a47338b42245b2e1d801c79ef9779ad89c321a626bb0fe5a50750b956257e969,Thrower-v0,biped,static,2,10,1.7588777336965855,1.7588777336965853,2.220446049250313e-16,1.7588777336965853,1.7588777336965853
thrower__biped__static__seed_003,/home/rowanli.tangalin/tpr/tpr/results/hpc_rq1/nominal/thrower/biped/static/seed_003,45677c35932cdd2f142a7dba736086917b039cb20516c56187b57f0dc14b3180,Thrower-v0,biped,static,3,10,2.2476424970932216,2.247642497093222,4.440892098500626e-16,2.247642497093222,2.247642497093222
thrower__biped__static__seed_004,/home/rowanli.tangalin/tpr/tpr/results/hpc_rq1/nominal/thrower/biped/static/seed_004,639520971878746dc252ea35664e6a0e7f0d74355ec633115e9aa9b0fbc1dc67,Thrower-v0,biped,static,4,10,1.8007990089413,1.8007990089413,0.0,1.8007990089413,1.8007990089413
thrower__biped__static__seed_005,/home/rowanli.tangalin/tpr/tpr/results/hpc_rq1/nominal/thrower/biped/static/seed_005,8ca533c2b9dd90ef51b17faeee0d5fbd8affdc2df88496bdf301779da7d120be,Thrower-v0,biped,static,5,10,1.8039074554381789,1.8039074554381789,0.0,1.8039074554381789,1.8039074554381789
thrower__biped__static__seed_006,/home/rowanli.tangalin/tpr/tpr/results/hpc_rq1/nominal/thrower/biped/static/seed_006,3654bd4877d0e846ff933749c9a90b950a81123c5a74ac12dca5a0eca5c1883a,Thrower-v0,biped,static,6,10,1.8097788056556756,1.8097788056556754,2.220446049250313e-16,1.8097788056556754,1.8097788056556754
thrower__biped__static__seed_007,/home/rowanli.tangalin/tpr/tpr/results/hpc_rq1/nominal/thrower/biped/static/seed_007,2459838292d8d8e81a4bf62bba2f1e681585662bab081477a368695d631a57d9,Thrower-v0,biped,static,7,10,1.814574529492574,1.814574529492574,0.0,1.814574529492574,1.814574529492574
thrower__biped__static__seed_008,/home/rowanli.tangalin/tpr/tpr/results/hpc_rq1/nominal/thrower/biped/static/seed_008,0b8338fd4331b9e7ef63b16e424c3baf6cda56155c67873eac2ff91b97d9d490,Thrower-v0,biped,static,8,10,1.7935032648554539,1.7935032648554543,4.440892098500626e-16,1.7935032648554543,1.7935032648554543
thrower__biped__static__seed_009,/home/rowanli.tangalin/tpr/tpr/results/hpc_rq1/nominal/thrower/biped/static/seed_009,fe8905cf5c4889f9a938d0c23a6b01b6882b6df97b9c2d1ade7e1abb81bb3f5c,Thrower-v0,biped,static,9,10,1.7997633898074583,1.7997633898074579,4.440892098500626e-16,1.7997633898074579,1.7997633898074579
thrower__thrower_arm__nchl__seed_000,/home/rowanli.tangalin/tpr/tpr/results/hpc_rq1/nominal/thrower/thrower_arm/nchl/seed_000,fc922ac142f7558d012c1f4fa556dbe2f5f0a6ce1a26bc38380c596e3b55d056,Thrower-v0,thrower_arm,nchl,0,10,2.901980185701245,3.11656255692394,0.5301646206787172,1.6566178546673005,3.3435466176169824
thrower__thrower_arm__nchl__seed_001,/home/rowanli.tangalin/tpr/tpr/results/hpc_rq1/nominal/thrower/thrower_arm/nchl/seed_001,ad8a66363c20bb385a6a9364528f0810583350313bfc874a6ae9af5427f03e68,Thrower-v0,thrower_arm,nchl,1,10,3.1421800172325502,3.123842333996806,0.11939959650992486,2.952852964824822,3.333034952970605
thrower__thrower_arm__nchl__seed_002,/home/rowanli.tangalin/tpr/tpr/results/hpc_rq1/nominal/thrower/thrower_arm/nchl/seed_002,c0fe4c66e1739f91e800330d9e044e63dc94d647b7892238bca5ee91edd392a3,Thrower-v0,thrower_arm,nchl,2,10,0.5508449789643489,1.081950525910216,1.1491194792795703,-1.3743842421859884,2.005162489142983
thrower__thrower_arm__nchl__seed_003,/home/rowanli.tangalin/tpr/tpr/results/hpc_rq1/nominal/thrower/thrower_arm/nchl/seed_003,0d1a38b7c1b7fbd84b87338d3134b3959c99f77cd6ee0dd022a8d860732cf540,Thrower-v0,thrower_arm,nchl,3,10,3.0049232423318606,3.1935080234310265,0.4228842081522095,2.195544078252983,3.3880685803829924
thrower__thrower_arm__nchl__seed_004,/home/rowanli.tangalin/tpr/tpr/results/hpc_rq1/nominal/thrower/thrower_arm/nchl/seed_004,cd4ef82ef3b8c891e536517c06f0ca37ddb49fb9172e181caaa3a445f9fa7729,Thrower-v0,thrower_arm,nchl,4,10,1.8815816044136149,1.9892114030726025,0.40420475680338636,0.7264678369586337,2.168126892620868
thrower__thrower_arm__nchl__seed_005,/home/rowanli.tangalin/tpr/tpr/results/hpc_rq1/nominal/thrower/thrower_arm/nchl/seed_005,497c82087fa58f76676013c55b4ae00785376422cdfe0167fb69b6f2d2c1f4b2,Thrower-v0,thrower_arm,nchl,5,10,0.9671439403807593,0.4420811848602077,1.954008636044386,-1.381128227119802,3.334691761179623
thrower__thrower_arm__nchl__seed_006,/home/rowanli.tangalin/tpr/tpr/results/hpc_rq1/nominal/thrower/thrower_arm/nchl/seed_006,0c31b284048474b449e93dd529ccab657f1c55da1a3e10b8a9791d342fb87094,Thrower-v0,thrower_arm,nchl,6,10,1.370167076128074,1.4121552728961575,0.2564259619124013,0.8791786879824652,1.6549680731757996
thrower__thrower_arm__nchl__seed_007,/home/rowanli.tangalin/tpr/tpr/results/hpc_rq1/nominal/thrower/thrower_arm/nchl/seed_007,691cd3937c649ebeaf7594b7d1b9612b79c9a70122cd1b677ce5f67cb5b21c91,Thrower-v0,thrower_arm,nchl,7,10,2.846266562713274,3.0883792580874214,0.4619725212544513,2.1121653454976164,3.247892499508027
thrower__thrower_arm__nchl__seed_008,/home/rowanli.tangalin/tpr/tpr/results/hpc_rq1/nominal/thrower/thrower_arm/nchl/seed_008,b2b4e331fbf1c0491321ab933836530d78932ad701d914ca63de58b7553f5a08,Thrower-v0,thrower_arm,nchl,8,10,2.762651632899693,2.943169201241431,0.4444264140143318,2.095606743197394,3.2007795008654707
thrower__thrower_arm__nchl__seed_009,/home/rowanli.tangalin/tpr/tpr/results/hpc_rq1/nominal/thrower/thrower_arm/nchl/seed_009,064a520a9f389cf91a9ee5b96699dd01f6447dcca7f78e612d01b157414d6cf4,Thrower-v0,thrower_arm,nchl,9,10,2.9016221091100967,3.0689593859997175,0.3839878349137099,2.1920493945138237,3.3598356867075863
thrower__thrower_arm__static__seed_000,/home/rowanli.tangalin/tpr/tpr/results/hpc_rq1/nominal/thrower/thrower_arm/static/seed_000,6ece6d25342b6b98baf4ceb7df4ee0fb1adca2cc73c300e75f5fc41b611155cb,Thrower-v0,thrower_arm,static,0,10,6.184064967247208,6.184064967247208,0.0,6.184064967247208,6.184064967247208
thrower__thrower_arm__static__seed_001,/home/rowanli.tangalin/tpr/tpr/results/hpc_rq1/nominal/thrower/thrower_arm/static/seed_001,46e767f4e37f17b200b32ec4ad88ebc2ce50020bd4e4a456e9b9b8f8dad12a2c,Thrower-v0,thrower_arm,static,1,10,3.419380256056791,3.4193802560567907,4.440892098500626e-16,3.4193802560567907,3.4193802560567907
thrower__thrower_arm__static__seed_002,/home/rowanli.tangalin/tpr/tpr/results/hpc_rq1/nominal/thrower/thrower_arm/static/seed_002,1df60a7c62887d6eee069f8bfab8f2c47c9bcea99bdb8b5155e45b8ba7400be8,Thrower-v0,thrower_arm,static,2,10,3.338642846875642,3.3386428468756417,4.440892098500626e-16,3.3386428468756417,3.3386428468756417
thrower__thrower_arm__static__seed_003,/home/rowanli.tangalin/tpr/tpr/results/hpc_rq1/nominal/thrower/thrower_arm/static/seed_003,c95209fe44a5983bdc5726497bb9b6962eed5764ed119cd29bef7c4deaea1b1e,Thrower-v0,thrower_arm,static,3,10,4.444024351573178,4.444024351573179,8.881784197001252e-16,4.444024351573179,4.444024351573179
thrower__thrower_arm__static__seed_004,/home/rowanli.tangalin/tpr/tpr/results/hpc_rq1/nominal/thrower/thrower_arm/static/seed_004,b06f28efcacfec3b07cdba209fba942ea3cab7698aa073dcdc8d05184f97c944,Thrower-v0,thrower_arm,static,4,10,6.1468586398868235,6.1468586398868235,0.0,6.1468586398868235,6.1468586398868235
thrower__thrower_arm__static__seed_005,/home/rowanli.tangalin/tpr/tpr/results/hpc_rq1/nominal/thrower/thrower_arm/static/seed_005,0064e07613b39b0530b3642f86795ded55f91ce48b9556495aaaaac138946111,Thrower-v0,thrower_arm,static,5,10,3.3889496686920446,3.3889496686920446,0.0,3.3889496686920446,3.3889496686920446
thrower__thrower_arm__static__seed_006,/home/rowanli.tangalin/tpr/tpr/results/hpc_rq1/nominal/thrower/thrower_arm/static/seed_006,bc316b167c5f36fda1a0a24a6a99c16322d9a7aadfc000014e7dfaa729d79a3e,Thrower-v0,thrower_arm,static,6,10,3.400911609292849,3.4009116092928484,4.440892098500626e-16,3.4009116092928484,3.4009116092928484
thrower__thrower_arm__static__seed_007,/home/rowanli.tangalin/tpr/tpr/results/hpc_rq1/nominal/thrower/thrower_arm/static/seed_007,8e7330b99b404d7b495394d15dbcf66d01526a3d5a2e805279242cde8f3f82fc,Thrower-v0,thrower_arm,static,7,10,4.404721461115495,4.404721461115495,0.0,4.404721461115495,4.404721461115495
thrower__thrower_arm__static__seed_008,/home/rowanli.tangalin/tpr/tpr/results/hpc_rq1/nominal/thrower/thrower_arm/static/seed_008,458a7d7d8c4a385f29200375549ec758d80103986b2f8c128bfa589f608dbaeb,Thrower-v0,thrower_arm,static,8,10,3.3236783478214944,3.3236783478214944,0.0,3.3236783478214944,3.3236783478214944
thrower__thrower_arm__static__seed_009,/home/rowanli.tangalin/tpr/tpr/results/hpc_rq1/nominal/thrower/thrower_arm/static/seed_009,1397c892eb06862c0f0ee6a1b1e24e5df29eda7740d7e3d746eeb6d5d63e44c5,Thrower-v0,thrower_arm,static,9,10,6.1920792149685155,6.1920792149685155,0.0,6.1920792149685155,6.1920792149685155
walker__biped__nchl__seed_000,/home/rowanli.tangalin/tpr/tpr/results/hpc_rq1/nominal/walker/biped/nchl/seed_000,2c6e6b026ee677a78e9d744112611304c259ad9e06288c90c1e89bc39bd8badd,Walker-v0,biped,nchl,0,10,4.9674946783559575,4.9201272906546105,0.2711024189716192,4.586228986195153,5.61244108204465
walker__biped__nchl__seed_001,/home/rowanli.tangalin/tpr/tpr/results/hpc_rq1/nominal/walker/biped/nchl/seed_001,f9c3dae9eeb3f7ac5b8ce4b6b913d3366424db3aaddddccde1131516ab0d9cad,Walker-v0,biped,nchl,1,10,4.554367612921375,4.510493558521365,0.15716401654693307,4.25787896734476,4.8350443720523035
walker__biped__nchl__seed_002,/home/rowanli.tangalin/tpr/tpr/results/hpc_rq1/nominal/walker/biped/nchl/seed_002,51ddb163f7a437b9dd383beaad7780645de42b5ff0ad7627ea6b5406927801c0,Walker-v0,biped,nchl,2,10,5.196018658370389,5.261955889575466,0.17394213226228733,4.945406279146458,5.484004702355662
walker__biped__nchl__seed_003,/home/rowanli.tangalin/tpr/tpr/results/hpc_rq1/nominal/walker/biped/nchl/seed_003,e15a4d9d9c51ddc2e9ec78035a4d9c4f27aaece9cd90565ef2a9794e844e224f,Walker-v0,biped,nchl,3,10,3.9434203482801244,4.177125815143235,0.9965593113793835,0.9989970414544593,4.632102144665936
walker__biped__nchl__seed_004,/home/rowanli.tangalin/tpr/tpr/results/hpc_rq1/nominal/walker/biped/nchl/seed_004,de1d133581515e158a317db31d0047534d22c144c35c8a91816750a519a78390,Walker-v0,biped,nchl,4,10,4.084895163753674,4.16043955422255,0.1858352530938721,3.7745168103774445,4.3208528274152105
walker__biped__nchl__seed_005,/home/rowanli.tangalin/tpr/tpr/results/hpc_rq1/nominal/walker/biped/nchl/seed_005,2e4757f4c378c86feb7fc7fd527fb70abfece956b54f623c7dca5a69b22a2844,Walker-v0,biped,nchl,5,10,4.978791355756153,5.165847437581837,0.4299577819783463,4.304363051460169,5.511588153162387
walker__biped__nchl__seed_006,/home/rowanli.tangalin/tpr/tpr/results/hpc_rq1/nominal/walker/biped/nchl/seed_006,fe312947a36da98a70b77eb9fd91f62a26e020d408da588a23b7f09829ae207f,Walker-v0,biped,nchl,6,10,3.463728796429944,4.262145170939218,2.0180896684190506,-0.05392456799982376,5.485443710016621
walker__biped__nchl__seed_007,/home/rowanli.tangalin/tpr/tpr/results/hpc_rq1/nominal/walker/biped/nchl/seed_007,187d9917a60541b0544ad0eeb63e2c1cb930aa9b282d4de77adc5b90ded411d1,Walker-v0,biped,nchl,7,10,4.357343047822228,4.289926101827435,0.3840383625785986,3.8947127486496154,5.073151001244172
walker__biped__nchl__seed_008,/home/rowanli.tangalin/tpr/tpr/results/hpc_rq1/nominal/walker/biped/nchl/seed_008,aac83c4201c750fc99272cd1db3ed1909dde41ff44c4c142259acfc5f8e0aee0,Walker-v0,biped,nchl,8,10,4.384962008878298,5.3568912063871945,1.9642329214980483,0.2605066161672511,5.592847567155484
walker__biped__nchl__seed_009,/home/rowanli.tangalin/tpr/tpr/results/hpc_rq1/nominal/walker/biped/nchl/seed_009,a4ead1617d7d8d40bcbf3b43a09b7ab2032776df39b543c89d9f53bd20aedd2b,Walker-v0,biped,nchl,9,10,4.023344035938676,4.125094334572491,0.32532652528984013,3.271380255551769,4.345722964257606
walker__biped__static__seed_000,/home/rowanli.tangalin/tpr/tpr/results/hpc_rq1/nominal/walker/biped/static/seed_000,fa37097d088b39394ee1f29e39176aeb3baebd9da81506bd3eb9274ed07082c1,Walker-v0,biped,static,0,10,5.497265886484785,5.497265886484786,8.881784197001252e-16,5.497265886484786,5.497265886484786
walker__biped__static__seed_001,/home/rowanli.tangalin/tpr/tpr/results/hpc_rq1/nominal/walker/biped/static/seed_001,e6f4f280f48cfda40218c2bbb25f53daa0a089f5a957e8792c620ed131a1fa47,Walker-v0,biped,static,1,10,3.8449812083160873,3.8449812083160877,4.440892098500626e-16,3.8449812083160877,3.8449812083160877
walker__biped__static__seed_002,/home/rowanli.tangalin/tpr/tpr/results/hpc_rq1/nominal/walker/biped/static/seed_002,05e39abb232867bbb7dc6d67dcf3fa3ccc496c3fb2a26b1b986eeffbb24c4718,Walker-v0,biped,static,2,10,5.674129390250369,5.674129390250368,8.881784197001252e-16,5.674129390250368,5.674129390250368
walker__biped__static__seed_003,/home/rowanli.tangalin/tpr/tpr/results/hpc_rq1/nominal/walker/biped/static/seed_003,1cc64e6f578e69e0f2714d4df09a0a651df1c8afbda46eaac634ef58727e59ba,Walker-v0,biped,static,3,10,6.006766148832287,6.006766148832288,8.881784197001252e-16,6.006766148832288,6.006766148832288
walker__biped__static__seed_004,/home/rowanli.tangalin/tpr/tpr/results/hpc_rq1/nominal/walker/biped/static/seed_004,0c1e1cf2dc9662886eba3576333f4188a276f848962c76184807fc458d5fb9b0,Walker-v0,biped,static,4,10,4.834068287555797,4.834068287555798,8.881784197001252e-16,4.834068287555798,4.834068287555798
walker__biped__static__seed_005,/home/rowanli.tangalin/tpr/tpr/results/hpc_rq1/nominal/walker/biped/static/seed_005,8279b4eba7818e04426e3bc1a6dd3d3cd597a6e7f14735a65637f6a14027aa9f,Walker-v0,biped,static,5,10,3.6527835069598202,3.6527835069598202,0.0,3.6527835069598202,3.6527835069598202
walker__biped__static__seed_006,/home/rowanli.tangalin/tpr/tpr/results/hpc_rq1/nominal/walker/biped/static/seed_006,7d94a6b4b787e10c882419953ce0f7a9f770c5ee4781d8537303f940ddaaab2e,Walker-v0,biped,static,6,10,5.0986506670760585,5.0986506670760585,0.0,5.0986506670760585,5.0986506670760585
walker__biped__static__seed_007,/home/rowanli.tangalin/tpr/tpr/results/hpc_rq1/nominal/walker/biped/static/seed_007,b4a18406e03efb77525a864b386eaef289630ebfc0fb3139f121366fc93f9c45,Walker-v0,biped,static,7,10,4.510257188899287,4.510257188899287,0.0,4.510257188899287,4.510257188899287
walker__biped__static__seed_008,/home/rowanli.tangalin/tpr/tpr/results/hpc_rq1/nominal/walker/biped/static/seed_008,7c5affa978d404a72be406daa99278161358babb86a4ac4c1b62ec240f8a0e00,Walker-v0,biped,static,8,10,5.571233874215261,5.571233874215261,0.0,5.571233874215261,5.571233874215261
walker__biped__static__seed_009,/home/rowanli.tangalin/tpr/tpr/results/hpc_rq1/nominal/walker/biped/static/seed_009,cb8398b1a533a19a4fc081e6e0d46618329e03332e1f5f8bb535d338e90c99ee,Walker-v0,biped,static,9,10,3.959723220069568,3.9597232200695673,4.440892098500626e-16,3.9597232200695673,3.9597232200695673
